年月日,SKU,加工機ロス,包装機ロス,検品ロス,フィルムロス,不明ロス
2024-06-01,SKU001,1054,691,571,571,334
2024-06-01,SKU002,1864,1266,929,796,429
2024-06-01,SKU003,2077,1735,1189,960,839
2024-06-01,SKU004,1065,690,575,450,371
2024-06-01,SKU005,667,514,525,352,170
2024-06-03,SKU001,1049,788,611,363,321
2024-06-03,SKU002,1449,992,775,656,547
2024-06-03,SKU003,2728,1439,1217,866,696
2024-06-03,SKU004,952,771,586,522,206
2024-06-03,SKU005,544,509,318,265,124
2024-06-04,SKU001,2171,1337,1606,937,678
2024-06-04,SKU002,2470,1789,1085,1220,440
2024-06-04,SKU003,1494,1232,699,803,665
2024-06-04,SKU004,753,744,619,420,181
2024-06-04,SKU005,452,398,330,203,129
2024-06-05,SKU001,1276,1016,569,633,328
2024-06-05,SKU002,1794,1640,1391,896,598
2024-06-05,SKU003,2168,1542,914,939,379
2024-06-05,SKU004,768,562,432,268,149
2024-06-05,SKU005,558,454,333,164,166
2024-06-06,SKU001,1132,641,654,588,407
2024-06-06,SKU002,1184,650,519,421,476
2024-06-06,SKU003,1297,1149,637,669,217
2024-06-06,SKU004,1101,640,683,432,164
2024-06-06,SKU005,1183,880,700,575,213
2024-06-07,SKU001,1677,1236,1046,557,329
2024-06-07,SKU002,2384,1730,1061,747,672
2024-06-07,SKU003,1904,1540,1429,780,357
2024-06-07,SKU004,751,591,503,267,340
2024-06-07,SKU005,893,555,553,314,214
2024-06-08,SKU001,1737,1267,876,716,751
2024-06-08,SKU002,1065,743,569,499,266
2024-06-08,SKU003,1815,1070,912,542,691
2024-06-08,SKU004,692,525,434,370,187
2024-06-08,SKU005,1062,609,435,389,363
2024-06-10,SKU001,1326,779,593,510,275
2024-06-10,SKU002,2001,1433,1157,718,443
2024-06-10,SKU003,1105,771,782,626,327
2024-06-10,SKU004,1038,742,655,457,148
2024-06-10,SKU005,495,361,330,213,102
2024-06-11,SKU001,1440,890,771,564,415
2024-06-11,SKU002,1945,1680,901,946,353
2024-06-11,SKU003,2190,1538,1544,871,803
2024-06-11,SKU004,814,544,499,299,329
2024-06-11,SKU005,731,628,490,468,260
2024-06-12,SKU001,2194,1262,1172,842,886
2024-06-12,SKU002,1392,891,794,526,293
2024-06-12,SKU003,1901,1266,1027,551,505
2024-06-12,SKU004,487,441,363,199,209
2024-06-12,SKU005,831,513,423,454,254
2024-06-13,SKU001,2198,1697,1379,906,839
2024-06-13,SKU002,995,806,684,475,266
2024-06-13,SKU003,1967,1546,1193,773,552
2024-06-13,SKU004,574,423,260,201,193
2024-06-13,SKU005,703,387,306,285,232
2024-06-14,SKU001,950,798,513,502,410
2024-06-14,SKU002,1226,1151,814,418,249
2024-06-14,SKU003,1538,980,783,572,364
2024-06-14,SKU004,741,695,464,443,139
2024-06-14,SKU005,869,754,593,337,259
2024-06-15,SKU001,1799,1399,900,762,689
2024-06-15,SKU002,1590,1072,915,527,370
2024-06-15,SKU003,1983,1499,1185,864,710
2024-06-15,SKU004,725,646,342,242,237
2024-06-15,SKU005,694,473,336,323,259
2024-06-17,SKU001,901,761,602,455,193
2024-06-17,SKU002,1612,1022,743,565,544
2024-06-17,SKU003,2169,1631,1174,1031,845
2024-06-17,SKU004,612,409,298,175,190
2024-06-17,SKU005,619,392,378,321,93
2024-06-18,SKU001,1660,985,950,726,350
2024-06-18,SKU002,1065,882,536,607,212
2024-06-18,SKU003,1501,1054,1084,587,466
2024-06-18,SKU004,968,622,452,297,327
2024-06-18,SKU005,654,350,328,296,224
2024-06-19,SKU001,1825,1239,1146,951,634
2024-06-19,SKU002,1279,906,553,603,276
2024-06-19,SKU003,1596,1162,875,936,750
2024-06-19,SKU004,984,620,528,493,195
2024-06-19,SKU005,613,413,330,279,174
2024-06-20,SKU001,4728,3516,2086,2322,1052
2024-06-20,SKU002,3584,1988,1758,1296,530
2024-06-20,SKU003,2998,2196,2198,1858,1244
2024-06-20,SKU004,1736,1410,1072,946,778
2024-06-20,SKU005,1092,938,698,348,194
2024-06-21,SKU001,1280,851,682,489,457
2024-06-21,SKU002,1441,1384,849,903,348
2024-06-21,SKU003,1447,828,874,523,333
2024-06-21,SKU004,1066,744,841,378,411
2024-06-21,SKU005,925,601,695,335,236
2024-06-22,SKU001,1414,900,871,475,455
2024-06-22,SKU002,2108,1354,937,714,357
2024-06-22,SKU003,2986,1526,1160,865,687
2024-06-22,SKU004,870,513,546,380,122
2024-06-22,SKU005,995,605,448,293,188
2024-06-24,SKU001,1436,1189,707,532,328
2024-06-24,SKU002,1753,1353,1116,934,446
2024-06-24,SKU003,2070,1627,1426,1151,371
2024-06-24,SKU004,584,401,310,230,166
2024-06-24,SKU005,731,623,403,332,190
2024-06-25,SKU001,2116,1210,994,600,608
2024-06-25,SKU002,2425,1420,1256,899,837
2024-06-25,SKU003,2204,1446,1540,1182,562
2024-06-25,SKU004,1219,689,557,320,231
2024-06-25,SKU005,593,401,409,235,258
2024-06-26,SKU001,1940,1169,1145,705,272
2024-06-26,SKU002,1533,1300,984,701,279
2024-06-26,SKU003,2186,1431,1265,955,550
2024-06-26,SKU004,812,451,328,382,217
2024-06-26,SKU005,848,636,400,348,320
2024-06-27,SKU001,1574,1104,1306,1009,295
2024-06-27,SKU002,2050,1315,886,753,458
2024-06-27,SKU003,1677,1314,918,721,486
2024-06-27,SKU004,921,776,708,436,330
2024-06-27,SKU005,813,466,335,224,254
2024-06-28,SKU001,2986,1982,1758,1808,932
2024-06-28,SKU002,1992,1502,1314,1058,496
2024-06-28,SKU003,2124,1838,1058,1186,934
2024-06-28,SKU004,2124,1562,1338,1054,778
2024-06-28,SKU005,1756,1386,830,542,636
2024-06-29,SKU001,2084,1296,1360,1013,394
2024-06-29,SKU002,2217,1415,1248,1054,944
2024-06-29,SKU003,1442,1068,856,724,545
2024-06-29,SKU004,602,326,270,287,144
2024-06-29,SKU005,674,389,281,240,149
2024-07-01,SKU001,1716,1261,956,825,659
2024-07-01,SKU002,2133,1534,977,997,707
2024-07-01,SKU003,1844,1215,937,898,695
2024-07-01,SKU004,1045,753,534,354,276
2024-07-01,SKU005,819,462,483,259,157
2024-07-02,SKU001,1543,1209,910,900,584
2024-07-02,SKU002,1481,1310,809,604,683
2024-07-02,SKU003,1098,854,733,361,362
2024-07-02,SKU004,469,313,317,225,186
2024-07-02,SKU005,913,566,439,318,326
2024-07-03,SKU001,1476,1179,916,702,369
2024-07-03,SKU002,1796,1332,728,796,453
2024-07-03,SKU003,2223,1583,1313,1133,547
2024-07-03,SKU004,961,682,413,339,236
2024-07-03,SKU005,1050,954,683,530,370
2024-07-04,SKU001,1229,988,858,565,204
2024-07-04,SKU002,1979,1297,1199,628,552
2024-07-04,SKU003,1131,761,593,390,454
2024-07-04,SKU004,947,715,454,473,183
2024-07-04,SKU005,815,627,417,393,200
2024-07-05,SKU001,1567,1469,893,586,355
2024-07-05,SKU002,1088,698,731,601,202
2024-07-05,SKU003,1937,1088,1139,616,408
2024-07-05,SKU004,890,620,525,299,306
2024-07-05,SKU005,1030,790,470,414,174
2024-07-06,SKU001,1102,957,599,540,420
2024-07-06,SKU002,1704,1372,1219,708,560
2024-07-06,SKU003,2052,1281,1107,627,725
2024-07-06,SKU004,462,354,316,256,197
2024-07-06,SKU005,652,361,370,324,154
2024-07-08,SKU001,1101,754,673,366,336
2024-07-08,SKU002,1160,852,718,619,356
2024-07-08,SKU003,1233,1074,652,431,358
2024-07-08,SKU004,735,491,336,317,132
2024-07-08,SKU005,824,603,479,438,284
2024-07-09,SKU001,1144,869,502,624,478
2024-07-09,SKU002,1134,977,815,627,473
2024-07-09,SKU003,2153,1891,1106,723,641
2024-07-09,SKU004,592,400,385,313,127
2024-07-09,SKU005,612,388,449,366,236
2024-07-10,SKU001,2307,1822,1087,759,471
2024-07-10,SKU002,2102,1291,974,847,823
2024-07-10,SKU003,1738,1471,999,723,348
2024-07-10,SKU004,773,739,591,506,297
2024-07-10,SKU005,817,543,565,429,282
2024-07-11,SKU001,1997,1345,1075,778,522
2024-07-11,SKU002,2149,1586,928,945,837
2024-07-11,SKU003,2060,1751,1181,698,667
2024-07-11,SKU004,954,594,633,387,344
2024-07-11,SKU005,1035,725,480,483,379
2024-07-12,SKU001,1974,1945,1074,813,814
2024-07-12,SKU002,1512,1070,1020,814,628
2024-07-12,SKU003,1141,723,704,437,285
2024-07-12,SKU004,920,624,697,529,356
2024-07-12,SKU005,1063,729,520,417,437
2024-07-13,SKU001,1162,961,518,358,271
2024-07-13,SKU002,1448,938,734,812,597
2024-07-13,SKU003,1750,1546,985,771,425
2024-07-13,SKU004,1065,786,658,462,382
2024-07-13,SKU005,1285,704,585,462,471
2024-07-15,SKU001,1109,605,504,546,334
2024-07-15,SKU002,1771,1300,904,565,277
2024-07-15,SKU003,2142,1351,1413,819,384
2024-07-15,SKU004,671,545,360,338,142
2024-07-15,SKU005,909,509,499,450,235
2024-07-16,SKU001,2301,1348,1434,1231,457
2024-07-16,SKU002,1704,1186,880,763,462
2024-07-16,SKU003,1701,1251,958,550,573
2024-07-16,SKU004,621,460,397,202,171
2024-07-16,SKU005,1113,731,654,431,184
2024-07-17,SKU001,2005,1456,998,914,834
2024-07-17,SKU002,1083,958,688,686,433
2024-07-17,SKU003,1620,1135,1203,844,554
2024-07-17,SKU004,487,440,268,172,113
2024-07-17,SKU005,736,586,454,228,235
2024-07-18,SKU001,1671,1327,1199,959,407
2024-07-18,SKU002,1238,660,788,346,429
2024-07-18,SKU003,1136,1064,893,436,245
2024-07-18,SKU004,1045,752,623,331,265
2024-07-18,SKU005,1092,696,624,311,429
2024-07-19,SKU001,1902,1510,1059,1027,790
2024-07-19,SKU002,949,664,587,459,440
2024-07-19,SKU003,2603,1528,1327,997,834
2024-07-19,SKU004,757,549,381,262,168
2024-07-19,SKU005,822,560,414,306,164
2024-07-20,SKU001,1698,1316,735,585,296
2024-07-20,SKU002,1354,867,1051,587,339
2024-07-20,SKU003,947,750,719,442,425
2024-07-20,SKU004,1066,679,515,542,396
2024-07-20,SKU005,711,527,378,369,133
2024-07-22,SKU001,1097,961,546,450,311
2024-07-22,SKU002,1175,931,675,678,419
2024-07-22,SKU003,1793,1412,1259,1067,634
2024-07-22,SKU004,721,389,327,305,165
2024-07-22,SKU005,683,555,393,214,141
2024-07-23,SKU001,1491,954,864,580,333
2024-07-23,SKU002,1539,881,763,754,356
2024-07-23,SKU003,1259,892,723,672,272
2024-07-23,SKU004,896,724,612,442,426
2024-07-23,SKU005,751,553,480,392,248
2024-07-24,SKU001,2034,1249,1163,781,434
2024-07-24,SKU002,1378,882,798,503,446
2024-07-24,SKU003,2364,1290,1353,703,398
2024-07-24,SKU004,628,538,431,358,114
2024-07-24,SKU005,1205,843,510,446,230
2024-07-25,SKU001,1847,1301,916,669,383
2024-07-25,SKU002,1286,1165,836,653,288
2024-07-25,SKU003,1268,814,755,384,333
2024-07-25,SKU004,648,519,426,320,120
2024-07-25,SKU005,920,626,614,288,323
2024-07-26,SKU001,1271,1146,775,613,258
2024-07-26,SKU002,2292,1814,1361,1109,394
2024-07-26,SKU003,1998,1244,861,561,396
2024-07-26,SKU004,383,335,302,215,133
2024-07-26,SKU005,961,758,416,462,204
2024-07-27,SKU001,1062,760,711,595,313
2024-07-27,SKU002,1476,1100,893,708,381
2024-07-27,SKU003,1947,1441,1298,924,823
2024-07-27,SKU004,822,599,340,246,268
2024-07-27,SKU005,576,390,389,201,99
2024-07-29,SKU001,2186,1758,1302,1151,580
2024-07-29,SKU002,1981,1884,1478,927,466
2024-07-29,SKU003,1197,1005,798,404,503
2024-07-29,SKU004,838,654,431,317,188
2024-07-29,SKU005,633,478,460,303,158
2024-07-30,SKU001,1621,950,886,567,590
2024-07-30,SKU002,2058,1648,1212,673,569
2024-07-30,SKU003,1741,1235,718,628,492
2024-07-30,SKU004,1077,661,733,504,423
2024-07-30,SKU005,987,824,498,354,305
2024-07-31,SKU001,1558,1129,1110,536,680
2024-07-31,SKU002,1793,986,1007,882,528
2024-07-31,SKU003,2247,1331,1513,1141,880
2024-07-31,SKU004,934,663,515,364,231
2024-07-31,SKU005,801,706,606,358,159
2024-08-01,SKU001,1449,1096,1030,610,405
2024-08-01,SKU002,2198,1270,859,1065,327
2024-08-01,SKU003,2271,1288,987,632,411
2024-08-01,SKU004,629,482,515,377,242
2024-08-01,SKU005,1069,727,594,516,478
2024-08-02,SKU001,1479,1098,670,699,390
2024-08-02,SKU002,2095,1692,1234,610,614
2024-08-02,SKU003,1118,776,753,365,368
2024-08-02,SKU004,1000,795,538,303,330
2024-08-02,SKU005,947,731,502,402,194
2024-08-03,SKU001,1352,907,834,636,320
2024-08-03,SKU002,1350,1176,862,803,324
2024-08-03,SKU003,1752,1165,977,644,751
2024-08-03,SKU004,657,546,398,270,289
2024-08-03,SKU005,863,531,434,277,246
2024-08-05,SKU001,1117,631,720,562,231
2024-08-05,SKU002,2223,1569,1220,1090,521
2024-08-05,SKU003,904,771,568,331,224
2024-08-05,SKU004,935,714,710,484,404
2024-08-05,SKU005,732,641,452,458,304
2024-08-06,SKU001,2674,1439,1076,1290,410
2024-08-06,SKU002,1835,1223,1132,825,518
2024-08-06,SKU003,1965,1350,1242,844,789
2024-08-06,SKU004,618,444,335,228,190
2024-08-06,SKU005,577,465,361,372,273
2024-08-07,SKU001,1201,1036,613,367,402
2024-08-07,SKU002,1395,992,613,693,597
2024-08-07,SKU003,2432,1970,1070,808,640
2024-08-07,SKU004,611,349,306,205,202
2024-08-07,SKU005,846,599,555,266,281
2024-08-08,SKU001,1572,856,1023,673,444
2024-08-08,SKU002,2459,1612,1204,1048,572
2024-08-08,SKU003,1089,763,566,668,402
2024-08-08,SKU004,1214,949,696,633,265
2024-08-08,SKU005,586,439,327,199,167
2024-08-09,SKU001,1617,1152,771,678,535
2024-08-09,SKU002,1775,1260,809,567,583
2024-08-09,SKU003,1959,1386,1371,692,926
2024-08-09,SKU004,872,558,481,344,202
2024-08-09,SKU005,952,846,653,330,353
2024-08-10,SKU001,1541,1029,784,529,650
2024-08-10,SKU002,2200,1576,1035,921,355
2024-08-10,SKU003,1605,1235,794,794,683
2024-08-10,SKU004,926,665,506,367,324
2024-08-10,SKU005,780,662,364,432,262
2024-08-12,SKU001,1844,1033,1106,499,692
2024-08-12,SKU002,1649,1104,1014,850,470
2024-08-12,SKU003,2556,1704,1654,1223,347
2024-08-12,SKU004,784,670,395,310,166
2024-08-12,SKU005,897,725,563,278,362
2024-08-17,SKU001,1890,1302,1137,753,799
2024-08-17,SKU002,1441,1010,920,711,579
2024-08-17,SKU003,953,706,670,505,282
2024-08-17,SKU004,560,450,343,207,232
2024-08-17,SKU005,947,692,600,351,230
2024-08-19,SKU001,1913,1393,1289,796,792
2024-08-19,SKU002,1856,1544,1073,1157,421
2024-08-19,SKU003,1657,1261,717,875,702
2024-08-19,SKU004,746,480,401,354,120
2024-08-19,SKU005,557,478,284,261,264
2024-08-20,SKU001,1328,928,802,650,508
2024-08-20,SKU002,2078,1474,1330,846,782
2024-08-20,SKU003,2419,1871,1133,836,989
2024-08-20,SKU004,487,422,299,267,194
2024-08-20,SKU005,539,365,368,177,225
2024-08-21,SKU001,959,757,608,323,271
2024-08-21,SKU002,1371,1098,802,438,357
2024-08-21,SKU003,1793,1636,1207,579,613
2024-08-21,SKU004,794,709,453,478,142
2024-08-21,SKU005,574,310,229,177,214
2024-08-22,SKU001,1575,1022,1054,812,685
2024-08-22,SKU002,1978,1452,967,644,713
2024-08-22,SKU003,1253,872,728,551,378
2024-08-22,SKU004,972,889,751,435,344
2024-08-22,SKU005,648,461,309,233,165
2024-08-23,SKU001,1327,797,798,576,458
2024-08-23,SKU002,1853,1026,921,527,591
2024-08-23,SKU003,2147,1342,971,600,725
2024-08-23,SKU004,585,465,400,188,117
2024-08-23,SKU005,958,549,472,295,246
2024-08-24,SKU001,1432,1244,849,686,572
2024-08-24,SKU002,1428,1123,859,479,313
2024-08-24,SKU003,1814,1359,901,859,617
2024-08-24,SKU004,896,678,571,448,332
2024-08-24,SKU005,889,645,523,482,162
2024-08-26,SKU001,1925,1345,1148,677,352
2024-08-26,SKU002,1487,1349,1029,886,669
2024-08-26,SKU003,1633,1251,1023,582,683
2024-08-26,SKU004,892,546,519,308,376
2024-08-26,SKU005,564,458,290,352,224
2024-08-27,SKU001,1218,812,646,590,470
2024-08-27,SKU002,2110,1568,1170,1036,820
2024-08-27,SKU003,1723,1542,1113,752,460
2024-08-27,SKU004,576,396,336,188,266
2024-08-27,SKU005,480,403,316,305,115
2024-08-28,SKU001,1696,1418,1344,566,768
2024-08-28,SKU002,1205,834,850,673,425
2024-08-28,SKU003,2602,1556,1293,829,869
2024-08-28,SKU004,883,619,689,390,394
2024-08-28,SKU005,659,539,480,213,189
2024-08-29,SKU001,1288,1057,917,458,385
2024-08-29,SKU002,1329,838,706,392,429
2024-08-29,SKU003,2027,1673,1008,1040,670
2024-08-29,SKU004,996,580,671,486,303
2024-08-29,SKU005,1343,737,626,692,282
2024-08-30,SKU001,1096,794,809,630,295
2024-08-30,SKU002,1297,753,774,718,486
2024-08-30,SKU003,1421,965,783,530,535
2024-08-30,SKU004,1303,733,538,543,238
2024-08-30,SKU005,1004,848,462,468,224
2024-08-31,SKU001,1693,1030,680,856,276
2024-08-31,SKU002,819,701,545,324,358
2024-08-31,SKU003,1864,1348,1083,746,461
2024-08-31,SKU004,1081,653,642,456,428
2024-08-31,SKU005,1239,713,533,360,220
2024-09-02,SKU001,2233,1179,915,778,512
2024-09-02,SKU002,2142,1392,1179,1167,614
2024-09-02,SKU003,1135,659,713,558,314
2024-09-02,SKU004,635,414,356,319,229
2024-09-02,SKU005,849,698,411,381,311
2024-09-03,SKU001,1826,1099,1321,583,370
2024-09-03,SKU002,1125,829,616,374,346
2024-09-03,SKU003,1940,1132,791,540,640
2024-09-03,SKU004,1088,699,688,550,323
2024-09-03,SKU005,866,629,400,274,154
2024-09-04,SKU001,1577,940,735,538,234
2024-09-04,SKU002,1164,1119,899,455,547
2024-09-04,SKU003,1378,1109,970,431,326
2024-09-04,SKU004,515,403,244,254,138
2024-09-04,SKU005,744,609,471,398,206
2024-09-05,SKU001,1815,1644,1121,700,300
2024-09-05,SKU002,1563,1190,838,422,321
2024-09-05,SKU003,1928,1467,1423,1117,373
2024-09-05,SKU004,781,501,448,324,115
2024-09-05,SKU005,967,671,412,319,134
2024-09-06,SKU001,2505,1968,1205,967,498
2024-09-06,SKU002,1731,1459,798,702,538
2024-09-06,SKU003,1693,1113,838,475,459
2024-09-06,SKU004,545,405,292,228,173
2024-09-06,SKU005,1245,922,704,504,314
2024-09-07,SKU001,1909,1205,1114,566,347
2024-09-07,SKU002,1557,1181,815,549,379
2024-09-07,SKU003,1989,1238,1020,891,362
2024-09-07,SKU004,839,551,477,448,303
2024-09-07,SKU005,963,738,670,527,154
2024-09-09,SKU001,1924,1008,886,679,725
2024-09-09,SKU002,2101,1393,1482,668,566
2024-09-09,SKU003,1991,1290,1163,760,326
2024-09-09,SKU004,1015,645,685,463,371
2024-09-09,SKU005,877,721,513,288,223
2024-09-10,SKU001,1048,774,645,406,227
2024-09-10,SKU002,1353,1012,705,568,218
2024-09-10,SKU003,2661,1591,1073,1281,544
2024-09-10,SKU004,1181,684,678,536,274
2024-09-10,SKU005,1057,572,664,336,406
2024-09-11,SKU001,1243,899,726,663,217
2024-09-11,SKU002,2254,1641,972,1054,690
2024-09-11,SKU003,1917,1507,1348,588,656
2024-09-11,SKU004,631,392,364,212,225
2024-09-11,SKU005,848,543,512,252,280
2024-09-12,SKU001,2272,1707,1492,711,966
2024-09-12,SKU002,2097,1460,1307,1004,495
2024-09-12,SKU003,2194,1945,1524,793,563
2024-09-12,SKU004,578,485,341,242,115
2024-09-12,SKU005,970,720,589,417,297
2024-09-13,SKU001,1617,1150,1074,559,414
2024-09-13,SKU002,1269,789,564,494,470
2024-09-13,SKU003,1701,1165,1209,583,616
2024-09-13,SKU004,1008,643,514,295,266
2024-09-13,SKU005,538,341,374,270,89
2024-09-14,SKU001,1843,1289,1116,657,448
2024-09-14,SKU002,1644,1267,1043,824,488
2024-09-14,SKU003,1679,1426,997,799,338
2024-09-14,SKU004,874,475,444,442,209
2024-09-14,SKU005,1116,664,460,481,184
2024-09-16,SKU001,1940,1649,991,802,650
2024-09-16,SKU002,2083,1393,1056,1336,709
2024-09-16,SKU003,1067,913,583,546,234
2024-09-16,SKU004,884,564,513,301,289
2024-09-16,SKU005,739,496,422,417,296
2024-09-17,SKU001,1310,782,854,528,240
2024-09-17,SKU002,2197,1354,1150,759,640
2024-09-17,SKU003,945,738,511,302,317
2024-09-17,SKU004,1274,914,664,375,198
2024-09-17,SKU005,561,372,348,240,111
2024-09-18,SKU001,2141,1316,843,997,802
2024-09-18,SKU002,1438,941,799,545,189
2024-09-18,SKU003,1533,1017,698,523,575
2024-09-18,SKU004,853,598,441,483,317
2024-09-18,SKU005,1169,725,706,443,385
2024-09-19,SKU001,1684,1311,1124,740,284
2024-09-19,SKU002,2086,1700,1021,678,555
2024-09-19,SKU003,1234,828,950,569,412
2024-09-19,SKU004,593,462,313,239,175
2024-09-19,SKU005,863,793,454,271,214
2024-09-20,SKU001,965,835,643,566,318
2024-09-20,SKU002,1092,826,551,515,480
2024-09-20,SKU003,1735,1381,1279,951,780
2024-09-20,SKU004,873,554,344,286,267
2024-09-20,SKU005,1190,687,473,369,315
2024-09-21,SKU001,1549,1452,796,570,440
2024-09-21,SKU002,1363,763,725,524,312
2024-09-21,SKU003,1656,1604,1238,572,460
2024-09-21,SKU004,792,555,404,270,160
2024-09-21,SKU005,601,470,406,267,129
2024-09-23,SKU001,2177,1302,928,1149,597
2024-09-23,SKU002,2851,1513,1323,734,519
2024-09-23,SKU003,1966,1339,906,935,782
2024-09-23,SKU004,678,486,309,189,244
2024-09-23,SKU005,769,596,471,380,128
2024-09-24,SKU001,1016,807,694,561,433
2024-09-24,SKU002,2069,1160,1165,878,362
2024-09-24,SKU003,1608,1077,961,981,419
2024-09-24,SKU004,613,312,331,280,158
2024-09-24,SKU005,738,551,448,276,292
2024-09-25,SKU001,2509,1750,1316,1058,938
2024-09-25,SKU002,1825,1268,1197,942,522
2024-09-25,SKU003,1225,1133,934,432,339
2024-09-25,SKU004,538,350,287,272,150
2024-09-25,SKU005,1302,713,530,503,477
2024-09-26,SKU001,1826,1450,985,721,660
2024-09-26,SKU002,1490,1217,806,512,607
2024-09-26,SKU003,1447,980,893,478,281
2024-09-26,SKU004,1028,923,605,361,321
2024-09-26,SKU005,840,762,593,392,299
2024-09-27,SKU001,1868,1231,833,621,348
2024-09-27,SKU002,1153,746,465,535,205
2024-09-27,SKU003,2064,1794,1380,673,368
2024-09-27,SKU004,973,665,431,268,287
2024-09-27,SKU005,959,748,491,532,174
2024-09-28,SKU001,1376,963,747,682,418
2024-09-28,SKU002,1376,1147,797,647,609
2024-09-28,SKU003,1872,1477,1248,1007,501
2024-09-28,SKU004,801,593,441,346,295
2024-09-28,SKU005,649,377,427,243,122
2024-09-30,SKU001,1111,619,448,361,381
2024-09-30,SKU002,2133,1737,1109,1005,528
2024-09-30,SKU003,2114,1973,1574,724,641
2024-09-30,SKU004,1045,782,659,603,236
2024-09-30,SKU005,759,521,570,485,345
2024-10-01,SKU001,885,780,505,414,405
2024-10-01,SKU002,1056,999,804,388,299
2024-10-01,SKU003,1837,1217,1340,872,310
2024-10-01,SKU004,521,453,238,241,199
2024-10-01,SKU005,836,652,562,299,287
2024-10-02,SKU001,2176,1668,1379,653,583
2024-10-02,SKU002,1410,917,824,652,377
2024-10-02,SKU003,1062,732,616,393,289
2024-10-02,SKU004,569,324,264,281,152
2024-10-02,SKU005,1065,848,505,592,336
2024-10-03,SKU001,2068,1390,1005,779,486
2024-10-03,SKU002,1662,1354,715,643,313
2024-10-03,SKU003,1579,1133,915,688,621
2024-10-03,SKU004,1092,876,680,383,229
2024-10-03,SKU005,962,863,519,337,391
2024-10-04,SKU001,1779,1340,910,639,453
2024-10-04,SKU002,869,667,614,418,336
2024-10-04,SKU003,1182,997,668,594,551
2024-10-04,SKU004,966,503,483,285,331
2024-10-04,SKU005,1085,724,415,337,264
2024-10-05,SKU001,1460,1095,921,667,308
2024-10-05,SKU002,1382,851,633,674,328
2024-10-05,SKU003,2118,1517,1585,1121,722
2024-10-05,SKU004,702,582,353,322,225
2024-10-05,SKU005,1054,709,663,476,381
2024-10-07,SKU001,2448,1315,941,662,658
2024-10-07,SKU002,1712,1398,1176,685,383
2024-10-07,SKU003,2054,1303,1449,880,371
2024-10-07,SKU004,1150,906,495,416,367
2024-10-07,SKU005,599,473,410,201,213
2024-10-08,SKU001,1595,1284,1058,895,544
2024-10-08,SKU002,1110,754,571,514,288
2024-10-08,SKU003,1086,823,730,551,462
2024-10-08,SKU004,708,654,539,230,303
2024-10-08,SKU005,718,618,411,246,242
2024-10-09,SKU001,2016,1483,1166,745,902
2024-10-09,SKU002,1318,699,764,481,207
2024-10-09,SKU003,1950,1366,839,551,462
2024-10-09,SKU004,1022,694,578,441,331
2024-10-09,SKU005,1154,672,615,390,467
2024-10-10,SKU001,1698,1579,835,1014,427
2024-10-10,SKU002,970,773,478,546,171
2024-10-10,SKU003,2048,1651,1425,1116,703
2024-10-10,SKU004,1178,744,668,443,165
2024-10-10,SKU005,1034,645,575,412,188
2024-10-11,SKU001,1880,1238,1218,656,334
2024-10-11,SKU002,1367,1008,794,483,476
2024-10-11,SKU003,1717,1023,791,838,391
2024-10-11,SKU004,656,467,390,354,233
2024-10-11,SKU005,666,506,425,282,261
2024-10-12,SKU001,1477,1274,812,685,304
2024-10-12,SKU002,1285,936,639,368,219
2024-10-12,SKU003,1490,1141,907,429,531
2024-10-12,SKU004,980,934,597,624,345
2024-10-12,SKU005,940,498,442,274,123
2024-10-14,SKU001,1811,1409,1097,667,582
2024-10-14,SKU002,1754,1529,1177,952,414
2024-10-14,SKU003,1115,905,637,650,406
2024-10-14,SKU004,1038,748,607,442,322
2024-10-14,SKU005,799,546,650,499,388
2024-10-15,SKU001,1519,1068,745,846,507
2024-10-15,SKU002,1074,662,766,468,318
2024-10-15,SKU003,1357,755,716,658,497
2024-10-15,SKU004,749,421,478,250,209
2024-10-15,SKU005,856,584,393,321,196
2024-10-16,SKU001,2178,2002,1152,755,782
2024-10-16,SKU002,2336,1675,914,908,472
2024-10-16,SKU003,2368,1528,1290,1183,591
2024-10-16,SKU004,683,552,338,422,120
2024-10-16,SKU005,874,468,425,425,145
2024-10-17,SKU001,2203,1370,1061,1207,515
2024-10-17,SKU002,2055,1223,1054,1048,557
2024-10-17,SKU003,1691,1519,950,625,335
2024-10-17,SKU004,850,591,441,338,140
2024-10-17,SKU005,958,617,424,523,297
2024-10-18,SKU001,1655,1073,859,642,251
2024-10-18,SKU002,1939,1446,1098,677,313
2024-10-18,SKU003,1098,671,814,368,490
2024-10-18,SKU004,993,639,609,355,302
2024-10-18,SKU005,1089,789,452,286,264
2024-10-19,SKU001,1639,1117,829,678,585
2024-10-19,SKU002,1282,1031,932,482,519
2024-10-19,SKU003,1909,1743,1385,1052,508
2024-10-19,SKU004,1113,745,601,380,222
2024-10-19,SKU005,1084,696,631,288,364
2024-10-21,SKU001,959,863,542,604,277
2024-10-21,SKU002,1609,1180,866,778,412
2024-10-21,SKU003,1542,1214,734,754,358
2024-10-21,SKU004,932,653,620,411,255
2024-10-21,SKU005,651,434,387,327,251
2024-10-22,SKU001,1950,1757,1105,877,881
2024-10-22,SKU002,2003,1075,1108,983,493
2024-10-22,SKU003,2159,1433,1416,1329,813
2024-10-22,SKU004,559,439,261,198,130
2024-10-22,SKU005,894,618,365,312,137
2024-10-23,SKU001,1156,943,775,496,475
2024-10-23,SKU002,1902,1119,1286,680,512
2024-10-23,SKU003,1508,1171,990,760,607
2024-10-23,SKU004,1113,872,599,450,348
2024-10-23,SKU005,934,554,406,295,342
2024-10-24,SKU001,1772,1166,1188,689,445
2024-10-24,SKU002,1642,1505,1260,916,766
2024-10-24,SKU003,1494,1137,1076,629,386
2024-10-24,SKU004,1151,882,670,421,260
2024-10-24,SKU005,1305,736,735,432,439
2024-10-25,SKU001,1088,757,432,393,367
2024-10-25,SKU002,1853,1539,1080,1036,763
2024-10-25,SKU003,1632,1011,792,882,433
2024-10-25,SKU004,779,546,428,232,110
2024-10-25,SKU005,694,388,280,283,197
2024-10-26,SKU001,1178,1000,540,522,488
2024-10-26,SKU002,2084,1950,1384,1180,701
2024-10-26,SKU003,1818,1380,1077,739,441
2024-10-26,SKU004,587,415,365,197,187
2024-10-26,SKU005,844,609,511,400,301
2024-10-28,SKU001,1823,1409,1407,1011,422
2024-10-28,SKU002,1974,1640,965,997,752
2024-10-28,SKU003,1926,1367,1050,616,269
2024-10-28,SKU004,824,589,482,408,147
2024-10-28,SKU005,872,604,379,355,268
2024-10-29,SKU001,1695,1113,919,634,334
2024-10-29,SKU002,1455,1030,769,429,320
2024-10-29,SKU003,1480,1080,684,685,318
2024-10-29,SKU004,915,794,594,528,270
2024-10-29,SKU005,1072,629,584,474,159
2024-10-30,SKU001,2059,1289,1195,1010,732
2024-10-30,SKU002,1577,1140,823,526,413
2024-10-30,SKU003,1818,1620,1274,752,387
2024-10-30,SKU004,873,497,367,427,314
2024-10-30,SKU005,1119,950,728,409,249
2024-10-31,SKU001,1067,741,458,542,171
2024-10-31,SKU002,1983,1080,903,1010,284
2024-10-31,SKU003,2030,1336,951,817,756
2024-10-31,SKU004,627,364,275,200,165
2024-10-31,SKU005,1154,869,605,327,410
2024-11-01,SKU001,1249,921,772,443,288
2024-11-01,SKU002,1722,1534,1079,714,421
2024-11-01,SKU003,1096,940,702,389,316
2024-11-01,SKU004,690,533,480,365,137
2024-11-01,SKU005,844,518,500,283,129
2024-11-02,SKU001,1994,1624,1417,709,395
2024-11-02,SKU002,2547,1490,1477,1024,834
2024-11-02,SKU003,1938,997,750,712,407
2024-11-02,SKU004,753,508,313,190,115
2024-11-02,SKU005,590,442,280,243,213
2024-11-04,SKU001,1013,694,762,411,271
2024-11-04,SKU002,1167,665,661,501,195
2024-11-04,SKU003,1776,970,1028,822,612
2024-11-04,SKU004,915,663,533,473,336
2024-11-04,SKU005,593,391,320,227,227
2024-11-05,SKU001,2262,1539,1199,856,514
2024-11-05,SKU002,1375,1010,733,626,516
2024-11-05,SKU003,1307,861,627,536,306
2024-11-05,SKU004,1048,892,517,456,335
2024-11-05,SKU005,829,658,602,275,373
2024-11-06,SKU001,1277,1056,767,651,558
2024-11-06,SKU002,2315,1350,1319,1147,696
2024-11-06,SKU003,1985,1428,1281,1027,926
2024-11-06,SKU004,849,549,523,274,259
2024-11-06,SKU005,845,543,485,303,327
2024-11-07,SKU001,1674,1070,1078,944,632
2024-11-07,SKU002,1902,1590,941,726,894
2024-11-07,SKU003,2595,1766,1461,961,411
2024-11-07,SKU004,783,442,514,299,148
2024-11-07,SKU005,860,771,699,308,271
2024-11-08,SKU001,2748,1892,1690,749,384
2024-11-08,SKU002,1775,1033,1095,805,250
2024-11-08,SKU003,2015,1388,1114,1130,751
2024-11-08,SKU004,744,590,392,249,150
2024-11-08,SKU005,821,745,522,420,255
2024-11-09,SKU001,981,827,587,627,459
2024-11-09,SKU002,1343,941,802,553,254
2024-11-09,SKU003,2164,1189,1113,784,377
2024-11-09,SKU004,760,518,535,315,359
2024-11-09,SKU005,598,526,451,304,201
2024-11-11,SKU001,961,802,489,498,296
2024-11-11,SKU002,1087,848,458,522,353
2024-11-11,SKU003,1205,867,548,604,451
2024-11-11,SKU004,533,342,333,257,199
2024-11-11,SKU005,1001,757,631,403,429
2024-11-12,SKU001,1595,869,681,826,229
2024-11-12,SKU002,2073,1221,1100,862,335
2024-11-12,SKU003,1992,1679,1029,1239,423
2024-11-12,SKU004,972,664,587,350,324
2024-11-12,SKU005,936,812,498,398,400
2024-11-13,SKU001,1509,1284,835,823,557
2024-11-13,SKU002,1414,988,870,451,255
2024-11-13,SKU003,1674,1104,817,500,572
2024-11-13,SKU004,1071,779,644,508,165
2024-11-13,SKU005,795,641,447,343,256
2024-11-14,SKU001,1302,1230,812,666,541
2024-11-14,SKU002,1363,1112,949,478,534
2024-11-14,SKU003,2137,1243,1396,1079,508
2024-11-14,SKU004,1073,709,475,466,201
2024-11-14,SKU005,768,579,439,317,305
2024-11-15,SKU001,1577,987,682,648,545
2024-11-15,SKU002,1125,921,745,621,360
2024-11-15,SKU003,2251,1425,1266,1082,795
2024-11-15,SKU004,586,372,437,293,136
2024-11-15,SKU005,858,657,494,294,375
2024-11-16,SKU001,1025,815,797,409,377
2024-11-16,SKU002,2373,1361,1188,886,372
2024-11-16,SKU003,942,887,720,341,338
2024-11-16,SKU004,988,525,575,257,136
2024-11-16,SKU005,1083,708,521,319,453
2024-11-18,SKU001,2483,1858,1204,712,343
2024-11-18,SKU002,2076,1709,1289,775,844
2024-11-18,SKU003,2019,1913,1472,856,862
2024-11-18,SKU004,1051,819,488,490,421
2024-11-18,SKU005,885,625,356,390,251
2024-11-19,SKU001,1283,1032,873,691,411
2024-11-19,SKU002,1552,918,663,681,562
2024-11-19,SKU003,2339,2108,1330,859,470
2024-11-19,SKU004,813,452,521,434,138
2024-11-19,SKU005,1370,829,735,384,313
2024-11-20,SKU001,2329,1415,1431,1223,383
2024-11-20,SKU002,1091,905,586,474,241
2024-11-20,SKU003,1991,1433,962,1096,359
2024-11-20,SKU004,1016,681,401,430,178
2024-11-20,SKU005,1130,820,540,424,269
2024-11-21,SKU001,2638,1605,1191,729,576
2024-11-21,SKU002,2179,1318,1070,1127,689
2024-11-21,SKU003,2145,1417,1210,827,308
2024-11-21,SKU004,785,482,402,313,195
2024-11-21,SKU005,786,583,520,444,287
2024-11-22,SKU001,2542,1889,1515,787,409
2024-11-22,SKU002,1531,1185,643,622,350
2024-11-22,SKU003,1174,882,521,559,190
2024-11-22,SKU004,1106,576,617,483,346
2024-11-22,SKU005,606,423,244,300,191
2024-11-23,SKU001,2117,1634,1227,948,688
2024-11-23,SKU002,2407,1417,1149,895,395
2024-11-23,SKU003,1988,1384,1093,1184,621
2024-11-23,SKU004,899,548,581,360,326
2024-11-23,SKU005,1173,904,744,423,529
2024-11-25,SKU001,1585,1089,854,822,551
2024-11-25,SKU002,2029,1505,1273,781,737
2024-11-25,SKU003,1776,1316,969,831,451
2024-11-25,SKU004,991,757,411,315,376
2024-11-25,SKU005,447,326,352,151,162
2024-11-26,SKU001,1430,1253,1038,769,573
2024-11-26,SKU002,1860,1335,759,723,728
2024-11-26,SKU003,1464,1065,919,572,374
2024-11-26,SKU004,662,554,294,308,262
2024-11-26,SKU005,1189,804,603,438,198
2024-11-27,SKU001,1175,784,679,519,424
2024-11-27,SKU002,2404,1626,1157,1331,652
2024-11-27,SKU003,2213,1479,1261,886,551
2024-11-27,SKU004,880,708,372,428,243
2024-11-27,SKU005,764,665,387,417,250
2024-11-28,SKU001,1420,866,892,744,351
2024-11-28,SKU002,2388,1595,1189,1376,704
2024-11-28,SKU003,1326,883,628,577,421
2024-11-28,SKU004,563,429,340,213,107
2024-11-28,SKU005,692,626,438,343,143
2024-11-29,SKU001,1324,847,691,496,473
2024-11-29,SKU002,1073,667,493,499,270
2024-11-29,SKU003,1442,1132,965,698,431
2024-11-29,SKU004,655,470,403,241,232
2024-11-29,SKU005,1000,752,592,355,226
2024-11-30,SKU001,1614,899,716,773,410
2024-11-30,SKU002,2153,1343,875,644,659
2024-11-30,SKU003,1657,1158,1238,1007,347
2024-11-30,SKU004,753,570,411,336,224
2024-11-30,SKU005,527,468,356,269,244
2024-12-02,SKU001,2269,1381,969,687,480
2024-12-02,SKU002,1663,1463,972,573,516
2024-12-02,SKU003,2175,1204,1157,771,655
2024-12-02,SKU004,639,407,340,311,180
2024-12-02,SKU005,1058,715,607,573,290
2024-12-03,SKU001,2671,1465,1336,954,619
2024-12-03,SKU002,2057,1251,1166,1158,490
2024-12-03,SKU003,1560,1087,1032,925,358
2024-12-03,SKU004,900,582,524,267,134
2024-12-03,SKU005,546,446,302,193,162
2024-12-04,SKU001,1043,740,616,498,354
2024-12-04,SKU002,1596,913,995,560,331
2024-12-04,SKU003,1279,828,543,485,345
2024-12-04,SKU004,688,543,531,349,251
2024-12-04,SKU005,1215,922,554,633,185
2024-12-05,SKU001,1193,739,462,434,383
2024-12-05,SKU002,1517,1274,1250,867,512
2024-12-05,SKU003,1934,1572,982,780,609
2024-12-05,SKU004,920,524,583,242,127
2024-12-05,SKU005,1016,640,706,466,337
2024-12-06,SKU001,1922,1694,1236,911,724
2024-12-06,SKU002,943,742,535,451,322
2024-12-06,SKU003,2218,1354,1009,1232,573
2024-12-06,SKU004,691,479,372,280,288
2024-12-06,SKU005,835,762,539,455,284
2024-12-07,SKU001,928,815,539,415,237
2024-12-07,SKU002,988,643,717,493,285
2024-12-07,SKU003,1973,1803,1474,1060,414
2024-12-07,SKU004,735,514,390,454,232
2024-12-07,SKU005,996,721,549,483,171
2024-12-09,SKU001,2220,1415,1314,1210,549
2024-12-09,SKU002,2083,1441,1019,1003,321
2024-12-09,SKU003,2044,1298,1303,624,585
2024-12-09,SKU004,1036,792,528,467,299
2024-12-09,SKU005,602,375,290,225,133
2024-12-10,SKU001,1627,1057,726,787,666
2024-12-10,SKU002,1049,768,472,333,343
2024-12-10,SKU003,1163,886,645,458,446
2024-12-10,SKU004,597,508,469,250,193
2024-12-10,SKU005,725,542,544,250,303
2024-12-11,SKU001,1895,1709,1064,738,355
2024-12-11,SKU002,1743,1201,1207,853,620
2024-12-11,SKU003,2150,1787,1277,837,502
2024-12-11,SKU004,907,782,548,468,279
2024-12-11,SKU005,1085,796,782,428,227
2024-12-12,SKU001,2254,1632,1240,1245,717
2024-12-12,SKU002,1051,823,749,592,442
2024-12-12,SKU003,1463,1373,1148,602,488
2024-12-12,SKU004,1046,764,577,391,303
2024-12-12,SKU005,653,429,487,231,263
2024-12-13,SKU001,1792,1364,1195,936,722
2024-12-13,SKU002,1782,1375,947,487,560
2024-12-13,SKU003,1180,943,551,695,345
2024-12-13,SKU004,517,413,281,230,210
2024-12-13,SKU005,1225,633,671,609,214
2024-12-14,SKU001,1849,1357,1235,802,364
2024-12-14,SKU002,1103,825,689,541,249
2024-12-14,SKU003,2487,1736,1176,912,360
2024-12-14,SKU004,595,512,455,355,193
2024-12-14,SKU005,1009,865,596,457,170
2024-12-16,SKU001,1452,1182,695,706,331
2024-12-16,SKU002,1883,1519,1094,872,629
2024-12-16,SKU003,993,622,633,354,299
2024-12-16,SKU004,675,609,513,262,223
2024-12-16,SKU005,783,666,467,403,208
2024-12-17,SKU001,2010,1301,1377,1010,555
2024-12-17,SKU002,2594,2039,1250,855,376
2024-12-17,SKU003,1236,719,496,432,244
2024-12-17,SKU004,812,568,530,410,319
2024-12-17,SKU005,700,583,407,340,150
2024-12-18,SKU001,1374,1046,858,753,205
2024-12-18,SKU002,1195,791,562,375,460
2024-12-18,SKU003,2074,1357,961,1150,802
2024-12-18,SKU004,1047,929,664,545,166
2024-12-18,SKU005,841,505,399,260,212
2024-12-19,SKU001,1119,862,686,528,436
2024-12-19,SKU002,1139,960,599,528,424
2024-12-19,SKU003,1924,1294,1325,841,852
2024-12-19,SKU004,1061,863,604,549,314
2024-12-19,SKU005,931,595,583,473,402
2024-12-20,SKU001,1896,971,1168,767,689
2024-12-20,SKU002,1397,951,764,564,525
2024-12-20,SKU003,2320,1448,1189,832,761
2024-12-20,SKU004,1093,733,487,347,337
2024-12-20,SKU005,1259,826,763,382,356
2024-12-21,SKU001,2114,1405,1225,1046,894
2024-12-21,SKU002,1137,662,574,550,221
2024-12-21,SKU003,1499,921,993,760,353
2024-12-21,SKU004,956,619,586,381,199
2024-12-21,SKU005,556,318,334,213,197
2024-12-23,SKU001,1976,1767,1325,730,496
2024-12-23,SKU002,1319,1249,707,735,626
2024-12-23,SKU003,2092,1413,1002,822,481
2024-12-23,SKU004,915,675,601,289,253
2024-12-23,SKU005,653,364,297,318,218
2024-12-24,SKU001,1085,929,769,395,343
2024-12-24,SKU002,1737,1334,953,573,682
2024-12-24,SKU003,1714,1422,811,600,341
2024-12-24,SKU004,1092,918,564,454,278
2024-12-24,SKU005,763,417,495,316,186
2024-12-25,SKU001,2138,1587,1111,895,638
2024-12-25,SKU002,1953,1691,1032,1124,492
2024-12-25,SKU003,2167,1621,1024,788,775
2024-12-25,SKU004,946,801,564,460,231
2024-12-25,SKU005,1161,884,482,524,278
2024-12-26,SKU001,2033,1458,1050,620,513
2024-12-26,SKU002,1451,1158,715,522,689
2024-12-26,SKU003,1349,934,591,624,369
2024-12-26,SKU004,1012,872,575,328,172
2024-12-26,SKU005,990,627,438,360,275
2024-12-27,SKU001,2031,1292,1271,936,570
2024-12-27,SKU002,1272,1102,791,769,534
2024-12-27,SKU003,2081,1573,1098,1044,726
2024-12-27,SKU004,688,520,482,417,253
2024-12-27,SKU005,570,443,307,198,166
2024-12-28,SKU001,1123,624,610,325,424
2024-12-28,SKU002,2475,1443,1559,697,906
2024-12-28,SKU003,2224,1472,1440,740,847
2024-12-28,SKU004,919,569,568,432,316
2024-12-28,SKU005,785,507,495,231,255
2024-12-30,SKU001,1357,988,873,477,481
2024-12-30,SKU002,1923,1441,1033,899,354
2024-12-30,SKU003,1818,1336,1076,672,610
2024-12-30,SKU004,806,493,382,282,322
2024-12-30,SKU005,1093,698,509,478,228
2024-12-31,SKU001,1501,839,914,650,562
2024-12-31,SKU002,1322,850,577,383,230
2024-12-31,SKU003,2505,1528,1134,894,639
2024-12-31,SKU004,525,443,316,274,119
2024-12-31,SKU005,735,657,445,284,192
2025-01-04,SKU001,1573,1315,1125,731,450
2025-01-04,SKU002,1471,1054,710,762,373
2025-01-04,SKU003,1672,976,1079,478,489
2025-01-04,SKU004,1057,676,618,555,273
2025-01-04,SKU005,962,580,600,458,308
2025-01-06,SKU001,2065,1079,820,822,622
2025-01-06,SKU002,2057,1855,1387,857,495
2025-01-06,SKU003,1075,833,738,429,459
2025-01-06,SKU004,897,638,646,357,374
2025-01-06,SKU005,605,515,366,354,141
2025-01-07,SKU001,1247,778,838,685,501
2025-01-07,SKU002,2021,1114,1095,601,474
2025-01-07,SKU003,1051,662,565,371,212
2025-01-07,SKU004,775,463,383,379,269
2025-01-07,SKU005,629,475,283,339,105
2025-01-08,SKU001,1093,728,734,550,290
2025-01-08,SKU002,1338,955,751,446,501
2025-01-08,SKU003,1502,1353,831,570,664
2025-01-08,SKU004,937,577,475,445,281
2025-01-08,SKU005,568,475,383,278,182
2025-01-09,SKU001,1368,1078,742,699,368
2025-01-09,SKU002,1717,1143,785,597,543
2025-01-09,SKU003,2552,2101,1208,735,773
2025-01-09,SKU004,961,795,514,296,291
2025-01-09,SKU005,599,401,419,228,232
2025-01-10,SKU001,1666,1283,685,506,551
2025-01-10,SKU002,1053,727,577,457,244
2025-01-10,SKU003,1737,1147,770,915,560
2025-01-10,SKU004,876,642,460,337,253
2025-01-10,SKU005,758,680,617,391,294
2025-01-11,SKU001,1748,1305,885,662,371
2025-01-11,SKU002,1305,769,623,589,383
2025-01-11,SKU003,1332,773,710,599,532
2025-01-11,SKU004,901,743,630,503,277
2025-01-11,SKU005,786,529,399,256,141
2025-01-13,SKU001,1623,995,1064,679,398
2025-01-13,SKU002,1706,1257,829,1019,422
2025-01-13,SKU003,1993,1444,996,703,768
2025-01-13,SKU004,1054,817,750,449,385
2025-01-13,SKU005,646,479,364,245,111
2025-01-14,SKU001,1098,784,624,583,183
2025-01-14,SKU002,1075,778,720,368,199
2025-01-14,SKU003,2117,1615,1383,675,399
2025-01-14,SKU004,618,379,449,273,257
2025-01-14,SKU005,586,375,238,285,99
2025-01-15,SKU001,1594,897,984,650,300
2025-01-15,SKU002,1504,1115,579,411,348
2025-01-15,SKU003,2162,1473,1428,1096,417
2025-01-15,SKU004,619,454,259,280,242
2025-01-15,SKU005,643,596,476,381,265
2025-01-16,SKU001,1760,1285,1114,946,409
2025-01-16,SKU002,1704,1256,888,669,631
2025-01-16,SKU003,1448,839,606,511,503
2025-01-16,SKU004,608,429,325,204,140
2025-01-16,SKU005,1146,777,897,385,521
2025-01-17,SKU001,1600,1183,770,764,576
2025-01-17,SKU002,1180,1052,579,479,467
2025-01-17,SKU003,1886,1704,1060,942,829
2025-01-17,SKU004,698,532,330,375,212
2025-01-17,SKU005,1220,939,592,366,362
2025-01-18,SKU001,923,644,676,462,305
2025-01-18,SKU002,1614,1232,831,604,463
2025-01-18,SKU003,1782,1352,1085,764,305
2025-01-18,SKU004,836,494,570,390,207
2025-01-18,SKU005,1173,967,573,438,362
2025-01-20,SKU001,1107,801,676,320,365
2025-01-20,SKU002,1691,1041,994,733,242
2025-01-20,SKU003,932,706,518,444,174
2025-01-20,SKU004,966,520,497,363,378
2025-01-20,SKU005,537,351,387,287,137
2025-01-21,SKU001,1309,813,578,613,364
2025-01-21,SKU002,1067,813,438,508,336
2025-01-21,SKU003,1869,1280,1119,539,448
2025-01-21,SKU004,818,663,554,299,315
2025-01-21,SKU005,850,506,438,345,168
2025-01-22,SKU001,1855,1298,1185,761,643
2025-01-22,SKU002,1962,1498,1163,772,276
2025-01-22,SKU003,2315,1822,945,753,887
2025-01-22,SKU004,526,426,300,342,196
2025-01-22,SKU005,1154,654,520,458,391
2025-01-23,SKU001,1664,1133,936,583,444
2025-01-23,SKU002,1886,1413,1310,860,637
2025-01-23,SKU003,1425,1012,949,565,237
2025-01-23,SKU004,998,832,487,520,330
2025-01-23,SKU005,845,584,582,377,229
2025-01-24,SKU001,2418,1369,1381,758,322
2025-01-24,SKU002,2374,1428,1592,736,685
2025-01-24,SKU003,846,729,629,444,269
2025-01-24,SKU004,1007,679,708,375,323
2025-01-24,SKU005,863,614,474,378,162
2025-01-25,SKU001,1086,753,573,532,459
2025-01-25,SKU002,1617,1383,1141,729,738
2025-01-25,SKU003,1613,1173,611,624,508
2025-01-25,SKU004,939,644,476,448,285
2025-01-25,SKU005,880,589,436,356,184
2025-01-27,SKU001,1440,1084,731,613,548
2025-01-27,SKU002,1144,717,549,640,500
2025-01-27,SKU003,1205,820,489,442,218
2025-01-27,SKU004,1003,808,706,419,393
2025-01-27,SKU005,747,572,333,260,161
2025-01-28,SKU001,1594,1158,929,991,384
2025-01-28,SKU002,1443,1084,856,601,415
2025-01-28,SKU003,2113,1396,1349,1235,692
2025-01-28,SKU004,660,619,446,397,205
2025-01-28,SKU005,534,372,375,234,130
2025-01-29,SKU001,1622,1245,943,447,383
2025-01-29,SKU002,1440,1087,1105,609,666
2025-01-29,SKU003,1603,1358,801,879,457
2025-01-29,SKU004,559,423,333,205,212
2025-01-29,SKU005,775,711,518,379,217
2025-01-30,SKU001,1616,929,1028,602,275
2025-01-30,SKU002,2178,1742,1298,661,630
2025-01-30,SKU003,2313,1746,1257,672,735
2025-01-30,SKU004,514,420,292,246,161
2025-01-30,SKU005,1152,622,567,470,379
2025-01-31,SKU001,1939,1124,1052,947,590
2025-01-31,SKU002,1379,843,629,615,443
2025-01-31,SKU003,1473,906,780,803,311
2025-01-31,SKU004,1181,903,563,605,371
2025-01-31,SKU005,717,651,529,294,209
2025-02-01,SKU001,1654,1201,872,680,757
2025-02-01,SKU002,1309,810,902,539,364
2025-02-01,SKU003,2101,1419,1241,1099,646
2025-02-01,SKU004,1234,794,645,398,394
2025-02-01,SKU005,640,424,390,186,227
2025-02-03,SKU001,1538,1400,978,922,457
2025-02-03,SKU002,2340,1560,977,775,832
2025-02-03,SKU003,1450,984,655,548,539
2025-02-03,SKU004,1090,679,769,439,217
2025-02-03,SKU005,1070,887,700,370,410
2025-02-04,SKU001,1571,1166,878,697,299
2025-02-04,SKU002,1181,1050,706,723,395
2025-02-04,SKU003,1290,1030,667,679,360
2025-02-04,SKU004,702,455,330,326,164
2025-02-04,SKU005,474,402,269,160,112
2025-02-05,SKU001,1400,1095,801,730,459
2025-02-05,SKU002,1934,1590,1395,730,303
2025-02-05,SKU003,2177,1539,1143,1006,650
2025-02-05,SKU004,861,671,473,384,171
2025-02-05,SKU005,888,693,407,286,167
2025-02-06,SKU001,1708,1283,870,664,654
2025-02-06,SKU002,1372,1282,854,524,301
2025-02-06,SKU003,1848,1490,1312,835,683
2025-02-06,SKU004,1020,589,599,503,410
2025-02-06,SKU005,720,371,275,257,158
2025-02-07,SKU001,1156,906,670,533,390
2025-02-07,SKU002,1636,1048,751,570,606
2025-02-07,SKU003,1280,872,910,416,258
2025-02-07,SKU004,1119,717,535,461,291
2025-02-07,SKU005,784,438,512,262,119
2025-02-08,SKU001,1139,667,694,451,199
2025-02-08,SKU002,2413,1729,1633,978,712
2025-02-08,SKU003,1519,1511,829,685,675
2025-02-08,SKU004,807,464,467,275,264
2025-02-08,SKU005,970,619,452,374,323
2025-02-10,SKU001,1869,1264,1102,1066,757
2025-02-10,SKU002,1791,1291,907,758,471
2025-02-10,SKU003,1383,1201,1017,625,260
2025-02-10,SKU004,579,413,337,190,138
2025-02-10,SKU005,1319,752,593,605,187
2025-02-11,SKU001,1574,1204,1085,639,509
2025-02-11,SKU002,1621,1183,1080,984,450
2025-02-11,SKU003,1810,1338,1255,994,270
2025-02-11,SKU004,737,549,560,360,240
2025-02-11,SKU005,808,732,530,281,199
2025-02-12,SKU001,1085,724,563,626,312
2025-02-12,SKU002,1431,784,670,653,522
2025-02-12,SKU003,1634,1266,768,463,587
2025-02-12,SKU004,658,636,438,376,173
2025-02-12,SKU005,653,355,283,195,103
2025-02-13,SKU001,1738,1193,1056,694,289
2025-02-13,SKU002,1342,900,827,679,393
2025-02-13,SKU003,1320,1229,679,473,300
2025-02-13,SKU004,723,631,379,262,301
2025-02-13,SKU005,600,424,367,374,289
2025-02-14,SKU001,1206,1088,831,410,241
2025-02-14,SKU002,1130,897,887,442,510
2025-02-14,SKU003,1703,1316,801,482,386
2025-02-14,SKU004,797,532,418,449,363
2025-02-14,SKU005,1093,945,583,495,495
2025-02-15,SKU001,1619,1002,1042,663,271
2025-02-15,SKU002,2368,1925,1406,1012,607
2025-02-15,SKU003,1956,1403,857,824,780
2025-02-15,SKU004,504,369,316,296,207
2025-02-15,SKU005,563,358,325,272,156
2025-02-17,SKU001,2092,1252,1444,606,531
2025-02-17,SKU002,982,869,731,435,343
2025-02-17,SKU003,2423,1540,1259,889,939
2025-02-17,SKU004,551,431,273,194,201
2025-02-17,SKU005,626,368,303,310,233
2025-02-18,SKU001,1505,1201,940,841,324
2025-02-18,SKU002,1045,905,525,402,436
2025-02-18,SKU003,1864,1234,964,1107,855
2025-02-18,SKU004,768,519,446,392,276
2025-02-18,SKU005,754,532,543,471,355
2025-02-19,SKU001,1928,1381,1066,1047,461
2025-02-19,SKU002,1341,982,698,371,536
2025-02-19,SKU003,1669,1205,1069,740,282
2025-02-19,SKU004,609,522,434,331,176
2025-02-19,SKU005,485,424,327,245,165
2025-02-20,SKU001,1291,892,664,804,318
2025-02-20,SKU002,1078,602,631,303,205
2025-02-20,SKU003,1037,742,599,417,271
2025-02-20,SKU004,1086,938,771,492,212
2025-02-20,SKU005,1155,697,506,350,388
2025-02-21,SKU001,2347,1803,1438,774,460
2025-02-21,SKU002,1997,1193,1162,792,575
2025-02-21,SKU003,1227,814,784,658,383
2025-02-21,SKU004,668,404,356,245,149
2025-02-21,SKU005,406,341,272,220,173
2025-02-22,SKU001,1658,1296,999,879,597
2025-02-22,SKU002,1673,1248,701,711,358
2025-02-22,SKU003,925,760,727,434,403
2025-02-22,SKU004,749,494,352,273,307
2025-02-22,SKU005,834,717,476,464,299
2025-02-24,SKU001,2142,1909,1063,1058,356
2025-02-24,SKU002,2403,1687,1505,1040,511
2025-02-24,SKU003,1442,1237,935,767,464
2025-02-24,SKU004,764,652,541,339,321
2025-02-24,SKU005,1196,692,569,598,204
2025-02-25,SKU001,1442,818,884,718,299
2025-02-25,SKU002,2078,1426,1350,697,320
2025-02-25,SKU003,2508,1753,1035,685,818
2025-02-25,SKU004,971,647,480,365,256
2025-02-25,SKU005,909,568,441,357,315
2025-02-26,SKU001,1572,1172,986,730,588
2025-02-26,SKU002,1797,1228,936,610,281
2025-02-26,SKU003,884,736,516,463,385
2025-02-26,SKU004,989,528,466,388,279
2025-02-26,SKU005,1002,681,640,375,335
2025-02-27,SKU001,1794,1068,925,604,660
2025-02-27,SKU002,1362,1049,1070,571,289
2025-02-27,SKU003,1504,968,1064,654,589
2025-02-27,SKU004,692,612,365,382,123
2025-02-27,SKU005,849,549,467,441,356
2025-02-28,SKU001,1474,1102,691,710,268
2025-02-28,SKU002,1288,696,820,571,280
2025-02-28,SKU003,1026,736,851,346,322
2025-02-28,SKU004,1074,724,506,549,345
2025-02-28,SKU005,990,978,552,452,223
2025-03-01,SKU001,2448,1464,1097,1241,424
2025-03-01,SKU002,1923,1507,1312,649,822
2025-03-01,SKU003,2033,1337,1236,530,376
2025-03-01,SKU004,768,496,585,345,327
2025-03-01,SKU005,966,891,615,561,208
2025-03-03,SKU001,1325,1210,1020,669,585
2025-03-03,SKU002,1733,1161,976,894,313
2025-03-03,SKU003,970,879,737,387,223
2025-03-03,SKU004,487,389,238,241,189
2025-03-03,SKU005,620,393,321,233,103
2025-03-04,SKU001,1792,1014,1101,611,312
2025-03-04,SKU002,1738,1478,836,531,550
2025-03-04,SKU003,2564,1411,1555,1043,532
2025-03-04,SKU004,600,441,285,177,235
2025-03-04,SKU005,529,316,286,262,160
2025-03-05,SKU001,1449,1057,1043,600,293
2025-03-05,SKU002,1754,968,1061,697,624
2025-03-05,SKU003,1483,770,857,502,556
2025-03-05,SKU004,679,561,388,239,124
2025-03-05,SKU005,832,620,504,280,225
2025-03-06,SKU001,2142,1299,1187,789,389
2025-03-06,SKU002,1761,1310,940,1020,754
2025-03-06,SKU003,1833,1135,1128,834,398
2025-03-06,SKU004,522,407,388,216,162
2025-03-06,SKU005,1093,818,498,582,218
2025-03-07,SKU001,1752,1132,1218,794,522
2025-03-07,SKU002,1934,1164,1072,910,447
2025-03-07,SKU003,1128,1038,581,456,463
2025-03-07,SKU004,884,620,429,502,259
2025-03-07,SKU005,1083,618,672,355,344
2025-03-08,SKU001,1561,1185,848,655,376
2025-03-08,SKU002,1634,1331,1147,973,647
2025-03-08,SKU003,1745,1248,727,804,645
2025-03-08,SKU004,1150,724,669,599,369
2025-03-08,SKU005,621,578,487,280,109
2025-03-10,SKU001,1639,1278,780,848,612
2025-03-10,SKU002,1455,971,745,779,543
2025-03-10,SKU003,1149,842,559,427,192
2025-03-10,SKU004,1004,806,520,373,328
2025-03-10,SKU005,973,697,535,525,458
2025-03-11,SKU001,2071,1280,1296,608,468
2025-03-11,SKU002,1723,1141,810,480,306
2025-03-11,SKU003,1480,1348,816,830,680
2025-03-11,SKU004,1060,597,592,539,262
2025-03-11,SKU005,1171,954,513,626,246
2025-03-12,SKU001,2212,1265,1407,857,405
2025-03-12,SKU002,1590,1072,624,555,561
2025-03-12,SKU003,1447,1112,879,439,577
2025-03-12,SKU004,566,535,415,300,197
2025-03-12,SKU005,985,934,576,457,193
2025-03-13,SKU001,2115,1563,1432,842,354
2025-03-13,SKU002,989,728,471,507,238
2025-03-13,SKU003,1404,1171,808,430,388
2025-03-13,SKU004,1271,899,666,520,293
2025-03-13,SKU005,944,644,471,251,175
2025-03-14,SKU001,1224,773,654,411,419
2025-03-14,SKU002,2005,1584,1300,628,646
2025-03-14,SKU003,1569,993,970,517,407
2025-03-14,SKU004,1184,654,630,463,248
2025-03-14,SKU005,847,512,480,444,316
2025-03-15,SKU001,1627,1298,1002,980,674
2025-03-15,SKU002,1053,698,561,359,340
2025-03-15,SKU003,2007,1562,1398,1125,755
2025-03-15,SKU004,652,426,426,214,162
2025-03-15,SKU005,498,429,353,223,116
2025-03-17,SKU001,1917,1760,1013,1061,839
2025-03-17,SKU002,2354,1666,1274,1050,728
2025-03-17,SKU003,1785,1356,1044,855,508
2025-03-17,SKU004,1315,828,585,587,336
2025-03-17,SKU005,738,589,488,304,135
2025-03-18,SKU001,1759,1109,977,772,250
2025-03-18,SKU002,2072,1793,1220,610,814
2025-03-18,SKU003,1516,889,705,536,560
2025-03-18,SKU004,1100,650,611,341,287
2025-03-18,SKU005,879,554,454,296,156
2025-03-19,SKU001,1914,1493,1068,606,610
2025-03-19,SKU002,1249,832,750,780,454
2025-03-19,SKU003,2155,1320,923,1174,448
2025-03-19,SKU004,1041,763,581,491,276
2025-03-19,SKU005,603,473,350,303,106
2025-03-20,SKU001,1190,1069,668,673,503
2025-03-20,SKU002,1811,1627,1350,979,360
2025-03-20,SKU003,1443,1031,714,379,355
2025-03-20,SKU004,523,325,317,196,120
2025-03-20,SKU005,463,330,243,297,211
2025-03-21,SKU001,1616,1050,1013,652,732
2025-03-21,SKU002,1060,851,651,464,295
2025-03-21,SKU003,1648,1090,1116,503,279
2025-03-21,SKU004,638,435,384,249,126
2025-03-21,SKU005,662,431,326,217,198
2025-03-22,SKU001,1242,875,601,427,441
2025-03-22,SKU002,1309,894,745,486,437
2025-03-22,SKU003,2311,1264,1040,1074,296
2025-03-22,SKU004,715,547,378,364,184
2025-03-22,SKU005,971,623,579,479,342
2025-03-24,SKU001,1834,1175,1092,730,743
2025-03-24,SKU002,2076,1565,935,951,793
2025-03-24,SKU003,1440,1258,785,571,523
2025-03-24,SKU004,528,372,237,184,189
2025-03-24,SKU005,756,520,427,425,302
2025-03-25,SKU001,1790,1236,1075,563,553
2025-03-25,SKU002,1635,1211,820,647,407
2025-03-25,SKU003,1935,1123,878,828,721
2025-03-25,SKU004,931,542,383,404,215
2025-03-25,SKU005,1038,735,791,335,447
2025-03-26,SKU001,1289,861,562,530,463
2025-03-26,SKU002,2169,1632,1321,795,479
2025-03-26,SKU003,1642,1380,1266,867,635
2025-03-26,SKU004,761,649,543,300,175
2025-03-26,SKU005,730,605,420,258,304
2025-03-27,SKU001,1672,1007,1092,841,665
2025-03-27,SKU002,1736,1313,866,506,355
2025-03-27,SKU003,1664,911,656,761,582
2025-03-27,SKU004,778,529,379,318,346
2025-03-27,SKU005,1159,757,706,533,294
2025-03-28,SKU001,1054,920,786,535,233
2025-03-28,SKU002,1655,1292,890,845,758
2025-03-28,SKU003,2173,1434,1089,874,590
2025-03-28,SKU004,1077,839,540,473,261
2025-03-28,SKU005,777,523,463,198,119
2025-03-29,SKU001,1451,822,924,589,605
2025-03-29,SKU002,1897,1433,870,822,348
2025-03-29,SKU003,1275,792,692,513,261
2025-03-29,SKU004,598,369,403,337,203
2025-03-29,SKU005,949,671,464,446,185
2025-03-31,SKU001,2128,1811,1475,711,557
2025-03-31,SKU002,1627,1032,805,511,542
2025-03-31,SKU003,2023,1391,937,935,651
2025-03-31,SKU004,940,598,507,508,171
2025-03-31,SKU005,945,524,493,343,348
2025-04-01,SKU001,1051,828,542,369,223
2025-04-01,SKU002,1709,1181,685,523,599
2025-04-01,SKU003,1569,1347,761,644,499
2025-04-01,SKU004,552,488,318,232,237
2025-04-01,SKU005,559,349,329,161,203
2025-04-02,SKU001,2555,1609,1693,695,465
2025-04-02,SKU002,2220,1242,1312,835,600
2025-04-02,SKU003,1973,1767,1420,885,688
2025-04-02,SKU004,1019,846,563,372,292
2025-04-02,SKU005,881,697,513,455,332
2025-04-03,SKU001,1628,1507,971,983,308
2025-04-03,SKU002,2365,1353,1047,1306,490
2025-04-03,SKU003,1764,1116,890,575,497
2025-04-03,SKU004,526,437,339,301,119
2025-04-03,SKU005,796,556,584,362,150
2025-04-04,SKU001,2064,1323,1000,583,666
2025-04-04,SKU002,1582,1211,743,707,303
2025-04-04,SKU003,1509,1368,1077,836,601
2025-04-04,SKU004,898,671,457,398,265
2025-04-04,SKU005,560,336,351,210,140
2025-04-05,SKU001,1674,973,1103,666,319
2025-04-05,SKU002,1272,743,786,525,321
2025-04-05,SKU003,2385,1634,1019,756,594
2025-04-05,SKU004,744,671,439,227,328
2025-04-05,SKU005,659,457,385,319,135
2025-04-07,SKU001,1537,919,843,557,347
2025-04-07,SKU002,1818,1214,1361,878,410
2025-04-07,SKU003,1557,1175,985,920,459
2025-04-07,SKU004,727,599,500,292,265
2025-04-07,SKU005,763,529,380,252,193
2025-04-08,SKU001,2509,1512,1299,930,375
2025-04-08,SKU002,1689,1622,1313,1107,785
2025-04-08,SKU003,1739,1115,1092,849,359
2025-04-08,SKU004,472,345,254,268,204
2025-04-08,SKU005,765,586,474,276,211
2025-04-09,SKU001,2183,1535,868,808,785
2025-04-09,SKU002,1641,1204,1089,996,649
2025-04-09,SKU003,1773,1128,940,635,399
2025-04-09,SKU004,980,663,577,365,222
2025-04-09,SKU005,728,613,478,399,145
2025-04-10,SKU001,2575,1499,1617,981,737
2025-04-10,SKU002,1492,1127,970,450,275
2025-04-10,SKU003,1430,910,944,770,224
2025-04-10,SKU004,631,507,449,250,244
2025-04-10,SKU005,805,606,438,257,194
2025-04-11,SKU001,1613,1108,1116,755,760
2025-04-11,SKU002,1001,724,598,579,447
2025-04-11,SKU003,2004,1458,1200,784,488
2025-04-11,SKU004,625,497,300,265,264
2025-04-11,SKU005,676,399,344,247,210
2025-04-12,SKU001,1784,1151,1180,662,541
2025-04-12,SKU002,1221,866,685,587,256
2025-04-12,SKU003,1390,1233,827,618,604
2025-04-12,SKU004,962,699,591,416,386
2025-04-12,SKU005,1220,882,652,365,269
2025-04-14,SKU001,1634,1284,1091,561,523
2025-04-14,SKU002,2251,1428,1291,963,467
2025-04-14,SKU003,1548,885,924,575,341
2025-04-14,SKU004,772,496,490,335,339
2025-04-14,SKU005,738,568,359,236,161
2025-04-15,SKU001,1774,1339,817,670,733
2025-04-15,SKU002,1800,1339,1035,1012,444
2025-04-15,SKU003,2576,1476,1348,1205,553
2025-04-15,SKU004,537,321,296,258,214
2025-04-15,SKU005,1100,718,634,453,247
2025-04-16,SKU001,1788,1225,1139,996,506
2025-04-16,SKU002,1905,1443,892,881,295
2025-04-16,SKU003,2186,1821,1230,889,326
2025-04-16,SKU004,1028,884,505,343,281
2025-04-16,SKU005,597,387,423,281,194
2025-04-17,SKU001,1230,655,789,452,269
2025-04-17,SKU002,2219,1348,1053,851,766
2025-04-17,SKU003,2312,1803,1680,768,719
2025-04-17,SKU004,709,478,357,382,182
2025-04-17,SKU005,709,598,485,299,237
2025-04-18,SKU001,1639,1071,866,943,338
2025-04-18,SKU002,1378,949,896,518,249
2025-04-18,SKU003,2177,1351,1146,1272,748
2025-04-18,SKU004,1020,749,496,500,261
2025-04-18,SKU005,981,861,595,436,361
2025-04-19,SKU001,2072,1350,1209,972,471
2025-04-19,SKU002,1847,1609,1290,1081,332
2025-04-19,SKU003,1572,881,763,577,567
2025-04-19,SKU004,747,650,499,373,141
2025-04-19,SKU005,943,672,489,454,298
2025-04-21,SKU001,1349,906,732,763,277
2025-04-21,SKU002,1294,779,617,593,529
2025-04-21,SKU003,2155,1243,1220,708,822
2025-04-21,SKU004,1089,599,424,416,357
2025-04-21,SKU005,1037,544,627,323,159
2025-04-22,SKU001,2212,1597,1054,921,463
2025-04-22,SKU002,1557,1253,936,472,289
2025-04-22,SKU003,2220,1389,1068,712,872
2025-04-22,SKU004,1022,765,738,584,273
2025-04-22,SKU005,782,586,381,365,254
2025-04-23,SKU001,1354,907,674,602,573
2025-04-23,SKU002,1155,874,788,687,320
2025-04-23,SKU003,1782,1666,954,943,663
2025-04-23,SKU004,719,548,375,343,154
2025-04-23,SKU005,779,756,471,344,226
2025-04-24,SKU001,2093,1567,1307,980,313
2025-04-24,SKU002,1868,1223,1119,877,462
2025-04-24,SKU003,2124,1690,1284,1347,798
2025-04-24,SKU004,1067,860,536,294,375
2025-04-24,SKU005,677,576,423,230,132
2025-04-25,SKU001,2020,1363,920,923,812
2025-04-25,SKU002,1175,979,703,400,471
2025-04-25,SKU003,1326,683,658,525,257
2025-04-25,SKU004,1092,826,812,384,252
2025-04-25,SKU005,609,499,457,341,170
2025-04-26,SKU001,1573,1137,616,594,509
2025-04-26,SKU002,2418,1739,1191,1134,483
2025-04-26,SKU003,1041,740,492,437,210
2025-04-26,SKU004,643,422,298,190,202
2025-04-26,SKU005,936,647,545,421,315
2025-04-28,SKU001,2236,1402,1100,718,397
2025-04-28,SKU002,1755,1439,1319,910,641
2025-04-28,SKU003,1199,960,679,643,329
2025-04-28,SKU004,1216,1063,633,569,217
2025-04-28,SKU005,467,369,344,279,107
2025-04-29,SKU001,2172,1613,1187,1117,529
2025-04-29,SKU002,2423,1414,1078,1182,701
2025-04-29,SKU003,2038,1570,954,1122,296
2025-04-29,SKU004,1165,875,532,360,382
2025-04-29,SKU005,654,488,369,394,171
2025-04-30,SKU001,1509,1139,774,561,524
2025-04-30,SKU002,2139,1598,1227,1202,491
2025-04-30,SKU003,2185,1700,1074,813,537
2025-04-30,SKU004,807,523,487,408,218
2025-04-30,SKU005,780,551,457,289,167
2025-05-01,SKU001,1573,1136,644,468,201
2025-05-01,SKU002,1703,1234,894,908,577
2025-05-01,SKU003,1692,1341,1098,501,389
2025-05-01,SKU004,1225,781,583,374,329
2025-05-01,SKU005,571,538,289,232,125
2025-05-02,SKU001,1182,717,484,385,375
2025-05-02,SKU002,1767,1016,1195,861,744
2025-05-02,SKU003,1226,891,630,628,304
2025-05-02,SKU004,1066,826,666,572,210
2025-05-02,SKU005,493,403,291,309,238
2025-05-03,SKU001,1238,798,658,389,448
2025-05-03,SKU002,1503,1063,763,553,669
2025-05-03,SKU003,2136,1493,1160,1059,879
2025-05-03,SKU004,693,553,455,319,215
2025-05-03,SKU005,1052,736,603,353,286
2025-05-05,SKU001,1572,888,1046,655,285
2025-05-05,SKU002,1910,1332,1246,586,563
2025-05-05,SKU003,2489,1607,1430,1376,372
2025-05-05,SKU004,1013,624,488,363,438
2025-05-05,SKU005,1041,844,725,367,313
2025-05-06,SKU001,1378,971,867,630,432
2025-05-06,SKU002,1632,1130,747,594,463
2025-05-06,SKU003,1364,1050,744,404,293
2025-05-06,SKU004,1055,866,592,453,189
2025-05-06,SKU005,1052,705,559,509,386
2025-05-07,SKU001,1819,1322,1316,719,416
2025-05-07,SKU002,2040,1102,859,735,589
2025-05-07,SKU003,1389,879,849,404,221
2025-05-07,SKU004,741,731,544,308,242
2025-05-07,SKU005,955,620,402,486,357
2025-05-08,SKU001,1225,750,824,352,371
2025-05-08,SKU002,2078,1551,903,998,413
2025-05-08,SKU003,2406,1533,1080,659,852
2025-05-08,SKU004,976,706,727,418,239
2025-05-08,SKU005,824,625,592,260,349
2025-05-09,SKU001,1090,653,539,563,187
2025-05-09,SKU002,1337,795,686,610,411
2025-05-09,SKU003,1590,1099,708,661,286
2025-05-09,SKU004,1171,781,705,314,253
2025-05-09,SKU005,1174,854,723,342,187
2025-05-10,SKU001,1125,793,531,398,359
2025-05-10,SKU002,1665,1370,1087,994,369
2025-05-10,SKU003,1149,827,687,514,371
2025-05-10,SKU004,930,802,535,344,199
2025-05-10,SKU005,694,461,341,236,133
2025-05-12,SKU001,981,782,468,451,293
2025-05-12,SKU002,952,683,642,451,308
2025-05-12,SKU003,1826,1518,1241,815,742
2025-05-12,SKU004,1236,925,649,578,275
2025-05-12,SKU005,445,385,297,226,203
2025-05-13,SKU001,1492,1308,710,711,625
2025-05-13,SKU002,1359,960,736,588,543
2025-05-13,SKU003,1934,1460,1046,654,376
2025-05-13,SKU004,1276,679,498,379,178
2025-05-13,SKU005,571,405,455,329,104
2025-05-14,SKU001,1342,1120,819,559,317
2025-05-14,SKU002,1939,1250,1228,634,548
2025-05-14,SKU003,1352,751,735,406,286
2025-05-14,SKU004,1165,678,446,396,160
2025-05-14,SKU005,1010,647,485,321,347
2025-05-15,SKU001,2191,1621,1297,994,477
2025-05-15,SKU002,2062,1790,1449,996,820
2025-05-15,SKU003,2392,1670,1758,1050,623
2025-05-15,SKU004,985,730,420,316,254
2025-05-15,SKU005,1043,893,601,453,416
2025-05-16,SKU001,2349,1455,1510,771,423
2025-05-16,SKU002,1891,1083,940,846,372
2025-05-16,SKU003,1006,751,596,576,363
2025-05-16,SKU004,695,541,516,240,171
2025-05-16,SKU005,1078,703,830,431,258
2025-05-17,SKU001,1646,1454,822,1003,535
2025-05-17,SKU002,841,577,581,510,393
2025-05-17,SKU003,1719,1305,769,524,428
2025-05-17,SKU004,608,409,479,257,234
2025-05-17,SKU005,970,634,603,355,181
2025-05-19,SKU001,1021,789,563,610,370
2025-05-19,SKU002,1872,1592,1139,586,440
2025-05-19,SKU003,1207,1124,977,569,258
2025-05-19,SKU004,748,555,416,475,331
2025-05-19,SKU005,772,724,626,509,201
2025-05-20,SKU001,1785,1274,842,806,327
2025-05-20,SKU002,1726,1254,985,968,390
2025-05-20,SKU003,1220,712,675,631,189
2025-05-20,SKU004,945,610,620,396,346
2025-05-20,SKU005,688,382,429,339,263
2025-05-21,SKU001,1702,1449,1284,667,377
2025-05-21,SKU002,1666,1318,877,903,335
2025-05-21,SKU003,1281,778,797,467,528
2025-05-21,SKU004,580,317,313,247,174
2025-05-21,SKU005,617,438,349,296,176
2025-05-22,SKU001,1673,1245,917,1049,476
2025-05-22,SKU002,1243,659,612,571,208
2025-05-22,SKU003,1815,1097,813,977,707
2025-05-22,SKU004,1093,734,566,699,420
2025-05-22,SKU005,488,406,359,194,189
2025-05-23,SKU001,1295,947,602,617,304
2025-05-23,SKU002,1710,1280,848,862,249
2025-05-23,SKU003,1765,1042,723,834,603
2025-05-23,SKU004,686,422,346,210,112
2025-05-23,SKU005,589,422,414,253,92
2025-05-24,SKU001,1197,1011,769,492,402
2025-05-24,SKU002,975,824,605,360,368
2025-05-24,SKU003,2184,1681,1297,715,347
2025-05-24,SKU004,1110,996,543,526,176
2025-05-24,SKU005,889,633,385,382,342
2025-05-26,SKU001,1297,1077,942,806,331
2025-05-26,SKU002,1750,1580,932,878,501
2025-05-26,SKU003,996,712,737,325,318
2025-05-26,SKU004,530,342,374,172,221
2025-05-26,SKU005,506,355,229,191,133
2025-05-27,SKU001,1542,952,1023,453,427
2025-05-27,SKU002,2592,1761,1712,862,624
2025-05-27,SKU003,1326,1252,883,616,441
2025-05-27,SKU004,940,809,633,372,169
2025-05-27,SKU005,733,431,380,256,151
2025-05-28,SKU001,2147,1346,1130,1095,484
2025-05-28,SKU002,1968,1418,1076,1036,374
2025-05-28,SKU003,2301,1961,1404,903,531
2025-05-28,SKU004,1104,931,740,534,242
2025-05-28,SKU005,727,548,386,225,202
2025-05-29,SKU001,1437,1177,844,595,533
2025-05-29,SKU002,1391,1020,967,686,376
2025-05-29,SKU003,1873,1489,1131,886,526
2025-05-29,SKU004,1320,993,652,527,287
2025-05-29,SKU005,650,475,368,204,110
2025-05-30,SKU001,1396,1300,792,649,605
2025-05-30,SKU002,1246,837,664,526,436
2025-05-30,SKU003,2009,1134,1303,1011,714
2025-05-30,SKU004,734,419,378,267,284
2025-05-30,SKU005,1083,832,507,426,214
2025-05-31,SKU001,1772,1303,1199,999,520
2025-05-31,SKU002,1847,1120,925,894,455
2025-05-31,SKU003,2485,2033,1589,724,499
2025-05-31,SKU004,539,326,384,270,215
2025-05-31,SKU005,653,361,410,344,219
2025-06-02,SKU001,1867,966,1093,603,389
2025-06-02,SKU002,1456,1120,690,599,396
2025-06-02,SKU003,2113,1648,1277,977,329
2025-06-02,SKU004,780,588,356,369,315
2025-06-02,SKU005,752,650,460,453,306
2025-06-03,SKU001,2033,1398,1069,947,679
2025-06-03,SKU002,1886,1085,933,860,622
2025-06-03,SKU003,1110,860,726,594,388
2025-06-03,SKU004,739,435,479,400,256
2025-06-03,SKU005,1136,841,712,470,446
2025-06-04,SKU001,2236,1630,983,820,327
2025-06-04,SKU002,1241,853,651,479,402
2025-06-04,SKU003,2075,1410,1120,729,828
2025-06-04,SKU004,532,366,316,259,194
2025-06-04,SKU005,1005,784,571,494,307
2025-06-05,SKU001,962,745,611,522,408
2025-06-05,SKU002,1825,1323,1215,707,574
2025-06-05,SKU003,1272,975,830,532,500
2025-06-05,SKU004,608,386,340,316,256
2025-06-05,SKU005,872,782,465,514,378
2025-06-06,SKU001,1136,995,739,370,417
2025-06-06,SKU002,1212,1005,833,703,528
2025-06-06,SKU003,888,615,513,466,350
2025-06-06,SKU004,943,791,636,557,186
2025-06-06,SKU005,700,411,379,275,163
2025-06-07,SKU001,2219,1607,1239,1029,416
2025-06-07,SKU002,1666,1179,951,701,326
2025-06-07,SKU003,1193,1005,547,604,462
2025-06-07,SKU004,544,422,412,184,127
2025-06-07,SKU005,847,579,583,362,196
2025-06-09,SKU001,1871,1440,1169,797,444
2025-06-09,SKU002,1482,932,842,709,291
2025-06-09,SKU003,1133,763,715,452,377
2025-06-09,SKU004,656,602,516,368,288
2025-06-09,SKU005,1095,675,583,403,379
2025-06-10,SKU001,2667,1451,1132,1203,1032
2025-06-10,SKU002,1538,1195,941,876,481
2025-06-10,SKU003,1408,1145,862,559,596
2025-06-10,SKU004,877,661,544,304,292
2025-06-10,SKU005,633,455,464,367,276
2025-06-11,SKU001,1905,1709,1364,937,811
2025-06-11,SKU002,1730,1171,875,732,590
2025-06-11,SKU003,1275,907,673,580,408
2025-06-11,SKU004,837,558,453,369,277
2025-06-11,SKU005,851,580,515,377,251
2025-06-12,SKU001,1799,1482,923,943,679
2025-06-12,SKU002,1689,1243,990,834,402
2025-06-12,SKU003,1989,1452,1358,853,382
2025-06-12,SKU004,653,490,344,231,271
2025-06-12,SKU005,535,420,390,248,241
2025-06-13,SKU001,2037,1486,1326,968,832
2025-06-13,SKU002,1951,1255,1159,546,406
2025-06-13,SKU003,1031,867,826,530,189
2025-06-13,SKU004,619,405,287,211,146
2025-06-13,SKU005,949,562,497,343,247
2025-06-14,SKU001,1970,1492,945,636,555
2025-06-14,SKU002,1351,790,820,526,200
2025-06-14,SKU003,1519,1489,1181,783,283
2025-06-14,SKU004,662,593,417,233,197
2025-06-14,SKU005,758,499,345,326,274
2025-06-16,SKU001,958,752,654,324,305
2025-06-16,SKU002,2508,1598,1200,806,715
2025-06-16,SKU003,1739,1023,841,785,653
2025-06-16,SKU004,869,590,439,532,249
2025-06-16,SKU005,629,434,298,194,210
2025-06-17,SKU001,1485,972,906,848,477
2025-06-17,SKU002,1661,1374,874,889,639
2025-06-17,SKU003,2159,1376,1123,940,746
2025-06-17,SKU004,759,572,414,461,353
2025-06-17,SKU005,896,669,500,386,186
2025-06-18,SKU001,822,689,571,517,353
2025-06-18,SKU002,1977,1540,1041,746,687
2025-06-18,SKU003,1484,917,977,765,318
2025-06-18,SKU004,955,768,426,441,375
2025-06-18,SKU005,878,705,413,396,160
2025-06-19,SKU001,1286,871,637,671,281
2025-06-19,SKU002,1025,699,526,509,373
2025-06-19,SKU003,2031,1232,1078,570,325
2025-06-19,SKU004,1191,861,514,549,335
2025-06-19,SKU005,676,550,301,375,189
2025-06-20,SKU001,902,854,693,366,324
2025-06-20,SKU002,1173,1053,808,454,394
2025-06-20,SKU003,1548,1154,767,612,606
2025-06-20,SKU004,941,570,548,391,244
2025-06-20,SKU005,538,400,391,184,210
2025-06-21,SKU001,1189,930,677,595,496
2025-06-21,SKU002,1619,1363,734,480,314
2025-06-21,SKU003,1263,864,581,604,401
2025-06-21,SKU004,975,710,626,378,408
2025-06-21,SKU005,1011,591,467,459,343
2025-06-23,SKU001,1669,1537,1043,539,696
2025-06-23,SKU002,2155,1526,1009,692,644
2025-06-23,SKU003,1177,691,752,603,226
2025-06-23,SKU004,1047,668,570,295,254
2025-06-23,SKU005,941,677,437,338,361
2025-06-24,SKU001,1263,1031,714,412,225
2025-06-24,SKU002,1211,923,654,620,230
2025-06-24,SKU003,1854,1366,968,643,398
2025-06-24,SKU004,516,403,326,211,173
2025-06-24,SKU005,1119,710,616,373,416
2025-06-25,SKU001,1467,1295,1159,663,270
2025-06-25,SKU002,1166,804,735,690,249
2025-06-25,SKU003,1807,1476,1287,733,453
2025-06-25,SKU004,544,361,288,287,138
2025-06-25,SKU005,875,622,519,358,326
2025-06-26,SKU001,1886,1040,1282,836,272
2025-06-26,SKU002,1386,1197,1036,790,256
2025-06-26,SKU003,1943,1050,842,631,616
2025-06-26,SKU004,1124,668,629,543,195
2025-06-26,SKU005,781,438,341,229,122
2025-06-27,SKU001,1103,977,538,436,273
2025-06-27,SKU002,1507,914,902,685,235
2025-06-27,SKU003,1903,1511,869,953,308
2025-06-27,SKU004,859,753,585,496,353
2025-06-27,SKU005,613,439,482,390,254
2025-06-28,SKU001,2625,1915,1577,1021,414
2025-06-28,SKU002,1445,1135,898,468,429
2025-06-28,SKU003,1686,1202,779,803,620
2025-06-28,SKU004,755,589,305,380,232
2025-06-28,SKU005,508,379,261,271,122
2025-06-30,SKU001,1978,1213,1314,1042,456
2025-06-30,SKU002,1915,1408,1044,572,829
2025-06-30,SKU003,1095,935,579,388,168
2025-06-30,SKU004,844,515,551,287,250
2025-06-30,SKU005,933,788,690,492,360
