年月日,SKU,良品数,不良数
2024-06-01,SKU001,996960,3221
2024-06-01,SKU002,1022051,5284
2024-06-01,SKU003,1020248,6800
2024-06-01,SKU004,451826,3151
2024-06-01,SKU005,515504,2228
2024-06-03,SKU001,923305,3132
2024-06-03,SKU002,1066992,4419
2024-06-03,SKU003,1064064,6946
2024-06-03,SKU004,468196,3037
2024-06-03,SKU005,489759,1760
2024-06-04,SKU001,1089070,6729
2024-06-04,SKU002,1081918,7004
2024-06-04,SKU003,1000742,4893
2024-06-04,SKU004,490663,2717
2024-06-04,SKU005,452533,1512
2024-06-05,SKU001,910180,3822
2024-06-05,SKU002,916813,6319
2024-06-05,SKU003,1018422,5942
2024-06-05,SKU004,499369,2179
2024-06-05,SKU005,532353,1675
2024-06-06,SKU001,1068540,3422
2024-06-06,SKU002,1006315,3250
2024-06-06,SKU003,1056952,3969
2024-06-06,SKU004,471882,3020
2024-06-06,SKU005,537090,3551
2024-06-07,SKU001,919053,4845
2024-06-07,SKU002,976282,6594
2024-06-07,SKU003,956031,6010
2024-06-07,SKU004,467299,2452
2024-06-07,SKU005,458824,2529
2024-06-08,SKU001,959382,5347
2024-06-08,SKU002,1002497,3142
2024-06-08,SKU003,969256,5030
2024-06-08,SKU004,544108,2208
2024-06-08,SKU005,501812,2858
2024-06-10,SKU001,900452,3483
2024-06-10,SKU002,1041964,5752
2024-06-10,SKU003,999743,3611
2024-06-10,SKU004,457292,3040
2024-06-10,SKU005,488187,1501
2024-06-11,SKU001,905286,4080
2024-06-11,SKU002,981934,5825
2024-06-11,SKU003,1037279,6946
2024-06-11,SKU004,531121,2485
2024-06-11,SKU005,466767,2577
2024-06-12,SKU001,1077257,6356
2024-06-12,SKU002,947670,3896
2024-06-12,SKU003,1064689,5250
2024-06-12,SKU004,492138,1699
2024-06-12,SKU005,488887,2475
2024-06-13,SKU001,1049491,7019
2024-06-13,SKU002,1042271,3226
2024-06-13,SKU003,915734,6031
2024-06-13,SKU004,476319,1651
2024-06-13,SKU005,484183,1913
2024-06-14,SKU001,979219,3173
2024-06-14,SKU002,901361,3858
2024-06-14,SKU003,1062633,4237
2024-06-14,SKU004,519249,2482
2024-06-14,SKU005,476044,2812
2024-06-15,SKU001,1078552,5549
2024-06-15,SKU002,901551,4474
2024-06-15,SKU003,943458,6241
2024-06-15,SKU004,479221,2192
2024-06-15,SKU005,518361,2085
2024-06-17,SKU001,929834,2912
2024-06-17,SKU002,1069092,4486
2024-06-17,SKU003,982545,6850
2024-06-17,SKU004,528224,1684
2024-06-17,SKU005,450187,1803
2024-06-18,SKU001,952927,4671
2024-06-18,SKU002,966438,3302
2024-06-18,SKU003,950853,4692
2024-06-18,SKU004,544078,2666
2024-06-18,SKU005,514064,1852
2024-06-19,SKU001,1054106,5795
2024-06-19,SKU002,1084136,3617
2024-06-19,SKU003,933699,5319
2024-06-19,SKU004,454557,2820
2024-06-19,SKU005,497990,1809
2024-06-20,SKU001,1024019,6852
2024-06-20,SKU002,998096,4578
2024-06-20,SKU003,1095938,5247
2024-06-20,SKU004,486703,2971
2024-06-20,SKU005,495190,1635
2024-06-21,SKU001,1030818,3759
2024-06-21,SKU002,1001723,4925
2024-06-21,SKU003,1013225,4005
2024-06-21,SKU004,542448,3440
2024-06-21,SKU005,527083,2792
2024-06-22,SKU001,996249,4115
2024-06-22,SKU002,1028423,5470
2024-06-22,SKU003,1068816,7224
2024-06-22,SKU004,538313,2431
2024-06-22,SKU005,543818,2529
2024-06-24,SKU001,1020495,4192
2024-06-24,SKU002,1001309,5602
2024-06-24,SKU003,1090769,6645
2024-06-24,SKU004,502968,1691
2024-06-24,SKU005,462836,2279
2024-06-25,SKU001,991285,5528
2024-06-25,SKU002,997341,6837
2024-06-25,SKU003,1018386,6934
2024-06-25,SKU004,463662,3016
2024-06-25,SKU005,477622,1896
2024-06-26,SKU001,1071551,5231
2024-06-26,SKU002,914948,4797
2024-06-26,SKU003,946705,6387
2024-06-26,SKU004,461680,2190
2024-06-26,SKU005,520987,2552
2024-06-27,SKU001,1082172,5288
2024-06-27,SKU002,997700,5462
2024-06-27,SKU003,1052306,5116
2024-06-27,SKU004,482149,3171
2024-06-27,SKU005,528778,2092
2024-06-28,SKU001,1046210,4733
2024-06-28,SKU002,1046317,3181
2024-06-28,SKU003,969461,3570
2024-06-28,SKU004,500057,3428
2024-06-28,SKU005,546597,2575
2024-06-29,SKU001,1018408,6147
2024-06-29,SKU002,1003364,6878
2024-06-29,SKU003,1088833,4635
2024-06-29,SKU004,490698,1629
2024-06-29,SKU005,486597,1733
2024-07-01,SKU001,1012028,5417
2024-07-01,SKU002,1066358,6348
2024-07-01,SKU003,1097466,5589
2024-07-01,SKU004,514733,2962
2024-07-01,SKU005,484999,2180
2024-07-02,SKU001,1059678,5146
2024-07-02,SKU002,969453,4887
2024-07-02,SKU003,976020,3408
2024-07-02,SKU004,485669,1510
2024-07-02,SKU005,475423,2562
2024-07-03,SKU001,1048157,4642
2024-07-03,SKU002,1012848,5105
2024-07-03,SKU003,1083035,6799
2024-07-03,SKU004,543886,2631
2024-07-03,SKU005,521798,3587
2024-07-04,SKU001,1016540,3844
2024-07-04,SKU002,1000475,5655
2024-07-04,SKU003,1012730,3329
2024-07-04,SKU004,469650,2772
2024-07-04,SKU005,546673,2452
2024-07-05,SKU001,949197,4870
2024-07-05,SKU002,1050316,3320
2024-07-05,SKU003,935160,5188
2024-07-05,SKU004,502623,2640
2024-07-05,SKU005,533720,2878
2024-07-06,SKU001,1053831,3618
2024-07-06,SKU002,1045295,5563
2024-07-06,SKU003,1063144,5792
2024-07-06,SKU004,459287,1585
2024-07-06,SKU005,453357,1861
2024-07-08,SKU001,942199,3230
2024-07-08,SKU002,970767,3705
2024-07-08,SKU003,1067452,3748
2024-07-08,SKU004,469369,2011
2024-07-08,SKU005,514628,2628
2024-07-09,SKU001,1032410,3617
2024-07-09,SKU002,1038909,4026
2024-07-09,SKU003,1067727,6514
2024-07-09,SKU004,481575,1817
2024-07-09,SKU005,490578,2051
2024-07-10,SKU001,1094509,6446
2024-07-10,SKU002,1007668,6037
2024-07-10,SKU003,1099235,5279
2024-07-10,SKU004,487224,2906
2024-07-10,SKU005,450247,2636
2024-07-11,SKU001,966746,5717
2024-07-11,SKU002,941317,6445
2024-07-11,SKU003,996721,6357
2024-07-11,SKU004,522521,2912
2024-07-11,SKU005,512963,3102
2024-07-12,SKU001,1001666,6620
2024-07-12,SKU002,982375,5044
2024-07-12,SKU003,1086874,3290
2024-07-12,SKU004,490955,3126
2024-07-12,SKU005,518190,3166
2024-07-13,SKU001,1005632,3270
2024-07-13,SKU002,908954,4529
2024-07-13,SKU003,1033373,5477
2024-07-13,SKU004,506484,3353
2024-07-13,SKU005,529560,3507
2024-07-15,SKU001,987522,3098
2024-07-15,SKU002,999577,4817
2024-07-15,SKU003,935634,6109
2024-07-15,SKU004,503779,2056
2024-07-15,SKU005,484512,2602
2024-07-16,SKU001,979127,6771
2024-07-16,SKU002,1002350,4995
2024-07-16,SKU003,940628,5033
2024-07-16,SKU004,519025,1851
2024-07-16,SKU005,455334,3113
2024-07-17,SKU001,1000788,6207
2024-07-17,SKU002,1027785,3848
2024-07-17,SKU003,1006901,5356
2024-07-17,SKU004,464171,1480
2024-07-17,SKU005,492734,2239
2024-07-18,SKU001,1049169,5563
2024-07-18,SKU002,945489,3461
2024-07-18,SKU003,961920,3774
2024-07-18,SKU004,455504,3016
2024-07-18,SKU005,544893,3152
2024-07-19,SKU001,971464,6288
2024-07-19,SKU002,915963,3099
2024-07-19,SKU003,1048877,7289
2024-07-19,SKU004,504817,2117
2024-07-19,SKU005,499097,2266
2024-07-20,SKU001,910660,4630
2024-07-20,SKU002,1091631,4198
2024-07-20,SKU003,956632,3283
2024-07-20,SKU004,532487,3198
2024-07-20,SKU005,456844,2118
2024-07-22,SKU001,1085408,3365
2024-07-22,SKU002,927828,3878
2024-07-22,SKU003,1033393,6165
2024-07-22,SKU004,492591,1907
2024-07-22,SKU005,482722,1986
2024-07-23,SKU001,911897,4222
2024-07-23,SKU002,1054763,4293
2024-07-23,SKU003,1004642,3818
2024-07-23,SKU004,477680,3100
2024-07-23,SKU005,510025,2424
2024-07-24,SKU001,1078486,5661
2024-07-24,SKU002,1080907,4007
2024-07-24,SKU003,1065069,6108
2024-07-24,SKU004,465980,2069
2024-07-24,SKU005,517948,3234
2024-07-25,SKU001,945000,5116
2024-07-25,SKU002,996921,4228
2024-07-25,SKU003,1024084,3554
2024-07-25,SKU004,509093,2033
2024-07-25,SKU005,470654,2771
2024-07-26,SKU001,977600,4063
2024-07-26,SKU002,1074866,6970
2024-07-26,SKU003,923933,5060
2024-07-26,SKU004,454452,1368
2024-07-26,SKU005,493585,2801
2024-07-27,SKU001,1043031,3441
2024-07-27,SKU002,1074241,4558
2024-07-27,SKU003,1036542,6433
2024-07-27,SKU004,530457,2275
2024-07-27,SKU005,493796,1655
2024-07-29,SKU001,1068931,6977
2024-07-29,SKU002,1019052,6736
2024-07-29,SKU003,1064520,3907
2024-07-29,SKU004,546974,2428
2024-07-29,SKU005,466126,2032
2024-07-30,SKU001,1041031,4614
2024-07-30,SKU002,1082227,6160
2024-07-30,SKU003,1054143,4814
2024-07-30,SKU004,487124,3398
2024-07-30,SKU005,475500,2968
2024-07-31,SKU001,958919,5013
2024-07-31,SKU002,915798,5196
2024-07-31,SKU003,1075243,7112
2024-07-31,SKU004,488574,2707
2024-07-31,SKU005,501889,2630
2024-08-01,SKU001,941851,4590
2024-08-01,SKU002,978565,5719
2024-08-01,SKU003,910436,5589
2024-08-01,SKU004,546791,2245
2024-08-01,SKU005,538462,3384
2024-08-02,SKU001,1054932,4336
2024-08-02,SKU002,1035164,6245
2024-08-02,SKU003,1062425,3380
2024-08-02,SKU004,496889,2966
2024-08-02,SKU005,546593,2776
2024-08-03,SKU001,1002324,4049
2024-08-03,SKU002,1035021,4515
2024-08-03,SKU003,988873,5289
2024-08-03,SKU004,484799,2160
2024-08-03,SKU005,467912,2351
2024-08-05,SKU001,934122,3261
2024-08-05,SKU002,1078105,6623
2024-08-05,SKU003,923268,2798
2024-08-05,SKU004,488432,3247
2024-08-05,SKU005,469154,2587
2024-08-06,SKU001,1085160,6889
2024-08-06,SKU002,1018091,5533
2024-08-06,SKU003,928092,6190
2024-08-06,SKU004,518650,1815
2024-08-06,SKU005,521274,2048
2024-08-07,SKU001,1007837,3619
2024-08-07,SKU002,978443,4290
2024-08-07,SKU003,1066839,6920
2024-08-07,SKU004,505075,1673
2024-08-07,SKU005,452968,2547
2024-08-08,SKU001,901415,4568
2024-08-08,SKU002,1008336,6895
2024-08-08,SKU003,939114,3488
2024-08-08,SKU004,549990,3757
2024-08-08,SKU005,486199,1718
2024-08-09,SKU001,995833,4753
2024-08-09,SKU002,930878,4994
2024-08-09,SKU003,959482,6334
2024-08-09,SKU004,517531,2457
2024-08-09,SKU005,525669,3134
2024-08-10,SKU001,932805,4533
2024-08-10,SKU002,965367,6087
2024-08-10,SKU003,909052,5111
2024-08-10,SKU004,498808,2788
2024-08-10,SKU005,510493,2500
2024-08-12,SKU001,1051615,5174
2024-08-12,SKU002,1099456,5087
2024-08-12,SKU003,1095245,7484
2024-08-12,SKU004,457235,2325
2024-08-12,SKU005,524499,2825
2024-08-17,SKU001,903859,5881
2024-08-17,SKU002,1061131,4661
2024-08-17,SKU003,922623,3116
2024-08-17,SKU004,460424,1792
2024-08-17,SKU005,532066,2820
2024-08-19,SKU001,982598,6183
2024-08-19,SKU002,971429,6051
2024-08-19,SKU003,977290,5212
2024-08-19,SKU004,537988,2101
2024-08-19,SKU005,484858,1844
2024-08-20,SKU001,989370,4216
2024-08-20,SKU002,1057507,6510
2024-08-20,SKU003,1080004,7248
2024-08-20,SKU004,545296,1669
2024-08-20,SKU005,450974,1674
2024-08-21,SKU001,963334,2918
2024-08-21,SKU002,1060494,4066
2024-08-21,SKU003,1041598,5828
2024-08-21,SKU004,533577,2576
2024-08-21,SKU005,466680,1504
2024-08-22,SKU001,973383,5148
2024-08-22,SKU002,919907,5754
2024-08-22,SKU003,1017448,3782
2024-08-22,SKU004,548975,3391
2024-08-22,SKU005,530278,1816
2024-08-23,SKU001,995235,3956
2024-08-23,SKU002,976834,4918
2024-08-23,SKU003,1008987,5785
2024-08-23,SKU004,451457,1755
2024-08-23,SKU005,536376,2520
2024-08-24,SKU001,955046,4783
2024-08-24,SKU002,952007,4202
2024-08-24,SKU003,923209,5550
2024-08-24,SKU004,534449,2925
2024-08-24,SKU005,519616,2701
2024-08-26,SKU001,933266,5447
2024-08-26,SKU002,910275,5420
2024-08-26,SKU003,1020066,5172
2024-08-26,SKU004,539519,2641
2024-08-26,SKU005,489562,1888
2024-08-27,SKU001,912355,3736
2024-08-27,SKU002,1041655,6704
2024-08-27,SKU003,1077274,5590
2024-08-27,SKU004,530616,1762
2024-08-27,SKU005,458134,1619
2024-08-28,SKU001,970804,5792
2024-08-28,SKU002,934429,3987
2024-08-28,SKU003,1071410,7149
2024-08-28,SKU004,478789,2975
2024-08-28,SKU005,480323,2080
2024-08-29,SKU001,1079872,4105
2024-08-29,SKU002,977461,3694
2024-08-29,SKU003,1074809,6418
2024-08-29,SKU004,456309,3036
2024-08-29,SKU005,530572,3680
2024-08-30,SKU001,974231,3624
2024-08-30,SKU002,921220,4028
2024-08-30,SKU003,941598,4234
2024-08-30,SKU004,518108,3355
2024-08-30,SKU005,488706,3006
2024-08-31,SKU001,1073598,4535
2024-08-31,SKU002,908077,2747
2024-08-31,SKU003,907086,5502
2024-08-31,SKU004,466566,3260
2024-08-31,SKU005,492919,3065
2024-09-02,SKU001,982141,5617
2024-09-02,SKU002,961936,6494
2024-09-02,SKU003,1036492,3379
2024-09-02,SKU004,536243,1953
2024-09-02,SKU005,494494,2650
2024-09-03,SKU001,1025963,5199
2024-09-03,SKU002,1095560,3290
2024-09-03,SKU003,905995,5043
2024-09-03,SKU004,536795,3348
2024-09-03,SKU005,541807,2323
2024-09-04,SKU001,1009348,4024
2024-09-04,SKU002,966218,4184
2024-09-04,SKU003,1083312,4214
2024-09-04,SKU004,487028,1554
2024-09-04,SKU005,544446,2428
2024-09-05,SKU001,914745,5580
2024-09-05,SKU002,969323,4334
2024-09-05,SKU003,938325,6308
2024-09-05,SKU004,481414,2169
2024-09-05,SKU005,502324,2503
2024-09-06,SKU001,1024033,7143
2024-09-06,SKU002,1008530,5228
2024-09-06,SKU003,967770,4578
2024-09-06,SKU004,497687,1643
2024-09-06,SKU005,544590,3689
2024-09-07,SKU001,1072552,5141
2024-09-07,SKU002,937694,4481
2024-09-07,SKU003,978874,5500
2024-09-07,SKU004,528407,2618
2024-09-07,SKU005,450032,3052
2024-09-09,SKU001,949922,5222
2024-09-09,SKU002,907202,6210
2024-09-09,SKU003,957968,5530
2024-09-09,SKU004,516806,3179
2024-09-09,SKU005,523962,2622
2024-09-10,SKU001,947217,3100
2024-09-10,SKU002,962566,3856
2024-09-10,SKU003,1035437,7150
2024-09-10,SKU004,518992,3353
2024-09-10,SKU005,549925,3035
2024-09-11,SKU001,1031873,3748
2024-09-11,SKU002,963464,6611
2024-09-11,SKU003,1000721,6016
2024-09-11,SKU004,469179,1824
2024-09-11,SKU005,532873,2435
2024-09-12,SKU001,1064676,7148
2024-09-12,SKU002,953446,6363
2024-09-12,SKU003,1047017,7019
2024-09-12,SKU004,462719,1761
2024-09-12,SKU005,537747,2993
2024-09-13,SKU001,941245,4814
2024-09-13,SKU002,1031199,3586
2024-09-13,SKU003,1008461,5274
2024-09-13,SKU004,457103,2726
2024-09-13,SKU005,517438,1612
2024-09-14,SKU001,1051139,5353
2024-09-14,SKU002,939147,5266
2024-09-14,SKU003,988616,5239
2024-09-14,SKU004,466587,2444
2024-09-14,SKU005,459544,2905
2024-09-16,SKU001,937588,6032
2024-09-16,SKU002,1057304,6577
2024-09-16,SKU003,910363,3343
2024-09-16,SKU004,522895,2551
2024-09-16,SKU005,456305,2370
2024-09-17,SKU001,927816,3714
2024-09-17,SKU002,1042195,6100
2024-09-17,SKU003,936438,2813
2024-09-17,SKU004,534987,3425
2024-09-17,SKU005,528315,1632
2024-09-18,SKU001,995217,6099
2024-09-18,SKU002,1042124,3912
2024-09-18,SKU003,1077276,4346
2024-09-18,SKU004,504685,2692
2024-09-18,SKU005,499972,3428
2024-09-19,SKU001,921679,5143
2024-09-19,SKU002,984575,6040
2024-09-19,SKU003,1018017,3993
2024-09-19,SKU004,478613,1782
2024-09-19,SKU005,464016,2595
2024-09-20,SKU001,1031716,3327
2024-09-20,SKU002,1047139,3464
2024-09-20,SKU003,1046075,6126
2024-09-20,SKU004,488489,2324
2024-09-20,SKU005,475465,3034
2024-09-21,SKU001,917716,4807
2024-09-21,SKU002,1059139,3687
2024-09-21,SKU003,980980,5530
2024-09-21,SKU004,506903,2181
2024-09-21,SKU005,451715,1873
2024-09-23,SKU001,984084,6153
2024-09-23,SKU002,1026358,6940
2024-09-23,SKU003,988709,5928
2024-09-23,SKU004,530508,1906
2024-09-23,SKU005,489583,2344
2024-09-24,SKU001,1077784,3511
2024-09-24,SKU002,971454,5634
2024-09-24,SKU003,953023,5046
2024-09-24,SKU004,495549,1694
2024-09-24,SKU005,522796,2305
2024-09-25,SKU001,1096390,7571
2024-09-25,SKU002,1050314,5754
2024-09-25,SKU003,989243,4063
2024-09-25,SKU004,474997,1597
2024-09-25,SKU005,515879,3525
2024-09-26,SKU001,929676,5642
2024-09-26,SKU002,915191,4632
2024-09-26,SKU003,993928,4079
2024-09-26,SKU004,467356,3238
2024-09-26,SKU005,542554,2886
2024-09-27,SKU001,1025810,4901
2024-09-27,SKU002,994183,3104
2024-09-27,SKU003,907846,6279
2024-09-27,SKU004,494431,2624
2024-09-27,SKU005,506729,2904
2024-09-28,SKU001,943762,4186
2024-09-28,SKU002,918048,4576
2024-09-28,SKU003,1055604,6105
2024-09-28,SKU004,542567,2476
2024-09-28,SKU005,530780,1818
2024-09-30,SKU001,900411,2920
2024-09-30,SKU002,984511,6512
2024-09-30,SKU003,1028494,7026
2024-09-30,SKU004,538500,3325
2024-09-30,SKU005,450886,2680
2024-10-01,SKU001,992020,2989
2024-10-01,SKU002,1000855,3546
2024-10-01,SKU003,997885,5576
2024-10-01,SKU004,458662,1652
2024-10-01,SKU005,535976,2636
2024-10-02,SKU001,1086528,6459
2024-10-02,SKU002,1055609,4180
2024-10-02,SKU003,1016704,3092
2024-10-02,SKU004,490127,1590
2024-10-02,SKU005,533361,3346
2024-10-03,SKU001,986138,5728
2024-10-03,SKU002,974076,4687
2024-10-03,SKU003,952307,4936
2024-10-03,SKU004,494213,3260
2024-10-03,SKU005,529446,3072
2024-10-04,SKU001,1060638,5121
2024-10-04,SKU002,945924,2904
2024-10-04,SKU003,1087605,3992
2024-10-04,SKU004,498371,2568
2024-10-04,SKU005,455672,2825
2024-10-05,SKU001,1011972,4451
2024-10-05,SKU002,1080884,3868
2024-10-05,SKU003,1025402,7063
2024-10-05,SKU004,494606,2184
2024-10-05,SKU005,486159,3283
2024-10-07,SKU001,1087545,6024
2024-10-07,SKU002,1037422,5354
2024-10-07,SKU003,1082027,6057
2024-10-07,SKU004,479120,3334
2024-10-07,SKU005,503679,1896
2024-10-08,SKU001,1060790,5376
2024-10-08,SKU002,1035026,3237
2024-10-08,SKU003,1086444,3652
2024-10-08,SKU004,465640,2434
2024-10-08,SKU005,453909,2235
2024-10-09,SKU001,923829,6312
2024-10-09,SKU002,991912,3469
2024-10-09,SKU003,1086927,5168
2024-10-09,SKU004,512872,3066
2024-10-09,SKU005,500039,3298
2024-10-10,SKU001,940842,5553
2024-10-10,SKU002,946482,2938
2024-10-10,SKU003,1060439,6943
2024-10-10,SKU004,479564,3198
2024-10-10,SKU005,468991,2854
2024-10-11,SKU001,1071903,5326
2024-10-11,SKU002,1076253,4128
2024-10-11,SKU003,975447,4760
2024-10-11,SKU004,483530,2100
2024-10-11,SKU005,500310,2140
2024-10-12,SKU001,1099616,4552
2024-10-12,SKU002,902456,3447
2024-10-12,SKU003,1090834,4498
2024-10-12,SKU004,538632,3480
2024-10-12,SKU005,500188,2277
2024-10-14,SKU001,1094838,5566
2024-10-14,SKU002,1035231,5826
2024-10-14,SKU003,1056040,3713
2024-10-14,SKU004,453337,3157
2024-10-14,SKU005,543343,2882
2024-10-15,SKU001,1072061,4685
2024-10-15,SKU002,1072185,3288
2024-10-15,SKU003,995569,3983
2024-10-15,SKU004,527280,2107
2024-10-15,SKU005,462839,2350
2024-10-16,SKU001,1007980,6869
2024-10-16,SKU002,1071948,6305
2024-10-16,SKU003,1072983,6960
2024-10-16,SKU004,495239,2115
2024-10-16,SKU005,536160,2337
2024-10-17,SKU001,951173,6356
2024-10-17,SKU002,1042455,5937
2024-10-17,SKU003,1096482,5120
2024-10-17,SKU004,464228,2360
2024-10-17,SKU005,502139,2819
2024-10-18,SKU001,917991,4480
2024-10-18,SKU002,1013739,5473
2024-10-18,SKU003,1051607,3441
2024-10-18,SKU004,530960,2898
2024-10-18,SKU005,511508,2880
2024-10-19,SKU001,1067243,4848
2024-10-19,SKU002,949532,4246
2024-10-19,SKU003,1013071,6597
2024-10-19,SKU004,488716,3061
2024-10-19,SKU005,518239,3063
2024-10-21,SKU001,955750,3245
2024-10-21,SKU002,934442,4845
2024-10-21,SKU003,926160,4602
2024-10-21,SKU004,511850,2871
2024-10-21,SKU005,540595,2050
2024-10-22,SKU001,1052880,6570
2024-10-22,SKU002,1089074,5662
2024-10-22,SKU003,1061389,7150
2024-10-22,SKU004,455975,1587
2024-10-22,SKU005,466098,2326
2024-10-23,SKU001,911431,3845
2024-10-23,SKU002,1058409,5499
2024-10-23,SKU003,933551,5036
2024-10-23,SKU004,504843,3382
2024-10-23,SKU005,542780,2531
2024-10-24,SKU001,1078176,5260
2024-10-24,SKU002,1054833,6089
2024-10-24,SKU003,1068375,4722
2024-10-24,SKU004,534886,3384
2024-10-24,SKU005,527013,3647
2024-10-25,SKU001,913795,3037
2024-10-25,SKU002,1021910,6271
2024-10-25,SKU003,1007629,4750
2024-10-25,SKU004,548571,2095
2024-10-25,SKU005,490786,1842
2024-10-26,SKU001,912262,3728
2024-10-26,SKU002,1080156,7299
2024-10-26,SKU003,1081996,5455
2024-10-26,SKU004,499754,1751
2024-10-26,SKU005,461711,2665
2024-10-28,SKU001,1025932,6072
2024-10-28,SKU002,1057556,6328
2024-10-28,SKU003,924552,5228
2024-10-28,SKU004,452834,2450
2024-10-28,SKU005,539152,2478
2024-10-29,SKU001,980908,4695
2024-10-29,SKU002,968928,4003
2024-10-29,SKU003,1089181,4247
2024-10-29,SKU004,510529,3101
2024-10-29,SKU005,489794,2918
2024-10-30,SKU001,972253,6285
2024-10-30,SKU002,1038821,4479
2024-10-30,SKU003,984251,5851
2024-10-30,SKU004,481338,2478
2024-10-30,SKU005,521256,3455
2024-10-31,SKU001,910875,2979
2024-10-31,SKU002,1041357,5260
2024-10-31,SKU003,905512,5890
2024-10-31,SKU004,463195,1631
2024-10-31,SKU005,507493,3365
2024-11-01,SKU001,1077215,3673
2024-11-01,SKU002,1048389,5470
2024-11-01,SKU003,959045,3443
2024-11-01,SKU004,502597,2205
2024-11-01,SKU005,516870,2274
2024-11-02,SKU001,959877,6139
2024-11-02,SKU002,1064793,7372
2024-11-02,SKU003,1086891,4804
2024-11-02,SKU004,501782,1879
2024-11-02,SKU005,498683,1768
2024-11-04,SKU001,973177,3151
2024-11-04,SKU002,952051,3189
2024-11-04,SKU003,1018945,5208
2024-11-04,SKU004,479732,2920
2024-11-04,SKU005,530464,1758
2024-11-05,SKU001,950955,6370
2024-11-05,SKU002,1004025,4260
2024-11-05,SKU003,906827,3637
2024-11-05,SKU004,495304,3248
2024-11-05,SKU005,467630,2737
2024-11-06,SKU001,1033316,4309
2024-11-06,SKU002,1007713,6827
2024-11-06,SKU003,988225,6647
2024-11-06,SKU004,535927,2454
2024-11-06,SKU005,489497,2503
2024-11-07,SKU001,993279,5398
2024-11-07,SKU002,963186,6053
2024-11-07,SKU003,1030050,7194
2024-11-07,SKU004,470523,2186
2024-11-07,SKU005,459513,2909
2024-11-08,SKU001,1084314,7463
2024-11-08,SKU002,927608,4958
2024-11-08,SKU003,1046891,6398
2024-11-08,SKU004,508791,2125
2024-11-08,SKU005,521822,2763
2024-11-09,SKU001,1010325,3481
2024-11-09,SKU002,1078062,3893
2024-11-09,SKU003,988029,5627
2024-11-09,SKU004,460980,2487
2024-11-09,SKU005,459554,2080
2024-11-11,SKU001,939110,3046
2024-11-11,SKU002,1050662,3268
2024-11-11,SKU003,1078976,3675
2024-11-11,SKU004,513708,1664
2024-11-11,SKU005,469940,3221
2024-11-12,SKU001,1028358,4200
2024-11-12,SKU002,938995,5591
2024-11-12,SKU003,1023456,6362
2024-11-12,SKU004,451363,2897
2024-11-12,SKU005,452010,3044
2024-11-13,SKU001,962993,5008
2024-11-13,SKU002,900807,3978
2024-11-13,SKU003,914643,4667
2024-11-13,SKU004,467332,3167
2024-11-13,SKU005,540421,2482
2024-11-14,SKU001,1033732,4551
2024-11-14,SKU002,972196,4436
2024-11-14,SKU003,1069842,6363
2024-11-14,SKU004,489601,2924
2024-11-14,SKU005,536353,2408
2024-11-15,SKU001,994490,4439
2024-11-15,SKU002,911025,3772
2024-11-15,SKU003,1043986,6819
2024-11-15,SKU004,461406,1824
2024-11-15,SKU005,516998,2678
2024-11-16,SKU001,986692,3423
2024-11-16,SKU002,949054,6180
2024-11-16,SKU003,1028804,3228
2024-11-16,SKU004,517349,2481
2024-11-16,SKU005,485754,3084
2024-11-18,SKU001,1028222,6600
2024-11-18,SKU002,1028323,6693
2024-11-18,SKU003,1040908,7122
2024-11-18,SKU004,510247,3269
2024-11-18,SKU005,503642,2507
2024-11-19,SKU001,927231,4290
2024-11-19,SKU002,1084338,4376
2024-11-19,SKU003,1031976,7106
2024-11-19,SKU004,525640,2358
2024-11-19,SKU005,528933,3631
2024-11-20,SKU001,1072125,6781
2024-11-20,SKU002,1047903,3297
2024-11-20,SKU003,1004823,5841
2024-11-20,SKU004,543974,2706
2024-11-20,SKU005,486478,3183
2024-11-21,SKU001,1075459,6739
2024-11-21,SKU002,1028633,6383
2024-11-21,SKU003,1089376,5907
2024-11-21,SKU004,451672,2177
2024-11-21,SKU005,515717,2620
2024-11-22,SKU001,1075482,7142
2024-11-22,SKU002,923636,4331
2024-11-22,SKU003,978956,3326
2024-11-22,SKU004,544724,3128
2024-11-22,SKU005,467734,1764
2024-11-23,SKU001,1038865,6614
2024-11-23,SKU002,1092487,6263
2024-11-23,SKU003,1025442,6270
2024-11-23,SKU004,479655,2714
2024-11-23,SKU005,539898,3773
2024-11-25,SKU001,928530,4901
2024-11-25,SKU002,936857,6325
2024-11-25,SKU003,1038557,5343
2024-11-25,SKU004,494796,2850
2024-11-25,SKU005,455472,1438
2024-11-26,SKU001,1047550,5063
2024-11-26,SKU002,1022868,5405
2024-11-26,SKU003,973771,4394
2024-11-26,SKU004,513171,2080
2024-11-26,SKU005,529766,3232
2024-11-27,SKU001,1013177,3581
2024-11-27,SKU002,1039618,7170
2024-11-27,SKU003,933151,6390
2024-11-27,SKU004,520781,2631
2024-11-27,SKU005,513463,2483
2024-11-28,SKU001,911121,4273
2024-11-28,SKU002,1079715,7252
2024-11-28,SKU003,1059606,3835
2024-11-28,SKU004,472213,1652
2024-11-28,SKU005,533578,2242
2024-11-29,SKU001,1019951,3831
2024-11-29,SKU002,999635,3002
2024-11-29,SKU003,929155,4668
2024-11-29,SKU004,453262,2001
2024-11-29,SKU005,477487,2925
2024-11-30,SKU001,1025798,4412
2024-11-30,SKU002,1073149,5674
2024-11-30,SKU003,952859,5407
2024-11-30,SKU004,520315,2294
2024-11-30,SKU005,493251,1864
2024-12-02,SKU001,972340,5786
2024-12-02,SKU002,1055020,5187
2024-12-02,SKU003,1002294,5962
2024-12-02,SKU004,494058,1877
2024-12-02,SKU005,545527,3243
2024-12-03,SKU001,1033307,7045
2024-12-03,SKU002,1080758,6122
2024-12-03,SKU003,983517,4962
2024-12-03,SKU004,451280,2407
2024-12-03,SKU005,499239,1649
2024-12-04,SKU001,1022466,3251
2024-12-04,SKU002,1053001,4395
2024-12-04,SKU003,901869,3480
2024-12-04,SKU004,520435,2362
2024-12-04,SKU005,542433,3509
2024-12-05,SKU001,965990,3211
2024-12-05,SKU002,927436,5420
2024-12-05,SKU003,1091386,5877
2024-12-05,SKU004,475179,2396
2024-12-05,SKU005,461834,3165
2024-12-06,SKU001,931412,6487
2024-12-06,SKU002,906659,2993
2024-12-06,SKU003,983222,6386
2024-12-06,SKU004,459589,2110
2024-12-06,SKU005,530600,2875
2024-12-07,SKU001,911260,2934
2024-12-07,SKU002,1020589,3126
2024-12-07,SKU003,970932,6724
2024-12-07,SKU004,463757,2325
2024-12-07,SKU005,511125,2920
2024-12-09,SKU001,987823,6708
2024-12-09,SKU002,1051023,5867
2024-12-09,SKU003,941950,5854
2024-12-09,SKU004,461959,3122
2024-12-09,SKU005,491096,1625
2024-12-10,SKU001,938950,4863
2024-12-10,SKU002,903838,2965
2024-12-10,SKU003,1099434,3598
2024-12-10,SKU004,548175,2017
2024-12-10,SKU005,478492,2364
2024-12-11,SKU001,1020637,5761
2024-12-11,SKU002,1018863,5624
2024-12-11,SKU003,1047295,6553
2024-12-11,SKU004,537668,2984
2024-12-11,SKU005,528615,3318
2024-12-12,SKU001,1025964,7088
2024-12-12,SKU002,1026650,3657
2024-12-12,SKU003,989596,5074
2024-12-12,SKU004,501171,3081
2024-12-12,SKU005,468285,2063
2024-12-13,SKU001,919343,6009
2024-12-13,SKU002,948863,5151
2024-12-13,SKU003,1001474,3714
2024-12-13,SKU004,480731,1651
2024-12-13,SKU005,513879,3352
2024-12-14,SKU001,966475,5607
2024-12-14,SKU002,905179,3407
2024-12-14,SKU003,961207,6671
2024-12-14,SKU004,500827,2110
2024-12-14,SKU005,484816,3097
2024-12-16,SKU001,976682,4366
2024-12-16,SKU002,942140,5997
2024-12-16,SKU003,920742,2901
2024-12-16,SKU004,470368,2282
2024-12-16,SKU005,458867,2527
2024-12-17,SKU001,948225,6253
2024-12-17,SKU002,1061580,7114
2024-12-17,SKU003,1001107,3127
2024-12-17,SKU004,499763,2639
2024-12-17,SKU005,482116,2180
2024-12-18,SKU001,987430,4236
2024-12-18,SKU002,947807,3383
2024-12-18,SKU003,1078435,6344
2024-12-18,SKU004,500254,3351
2024-12-18,SKU005,526427,2217
2024-12-19,SKU001,1073805,3631
2024-12-19,SKU002,967951,3650
2024-12-19,SKU003,1094674,6236
2024-12-19,SKU004,488788,3391
2024-12-19,SKU005,469710,2984
2024-12-20,SKU001,1090238,5491
2024-12-20,SKU002,928556,4201
2024-12-20,SKU003,938870,6550
2024-12-20,SKU004,522625,2997
2024-12-20,SKU005,513827,3586
2024-12-21,SKU001,1065263,6684
2024-12-21,SKU002,921937,3144
2024-12-21,SKU003,1037339,4526
2024-12-21,SKU004,469039,2741
2024-12-21,SKU005,451075,1618
2024-12-23,SKU001,938585,6294
2024-12-23,SKU002,983536,4636
2024-12-23,SKU003,1037332,5810
2024-12-23,SKU004,540950,2733
2024-12-23,SKU005,488374,1850
2024-12-24,SKU001,941064,3521
2024-12-24,SKU002,1088591,5279
2024-12-24,SKU003,1048383,4888
2024-12-24,SKU004,526133,3306
2024-12-24,SKU005,452542,2177
2024-12-25,SKU001,913428,6369
2024-12-25,SKU002,1080226,6292
2024-12-25,SKU003,954535,6375
2024-12-25,SKU004,493168,3002
2024-12-25,SKU005,531715,3329
2024-12-26,SKU001,1073144,5674
2024-12-26,SKU002,954031,4535
2024-12-26,SKU003,919424,3867
2024-12-26,SKU004,531759,2959
2024-12-26,SKU005,538674,2690
2024-12-27,SKU001,1057522,6100
2024-12-27,SKU002,918536,4468
2024-12-27,SKU003,1059569,6522
2024-12-27,SKU004,453961,2360
2024-12-27,SKU005,545732,1684
2024-12-28,SKU001,1006534,3106
2024-12-28,SKU002,1047329,7080
2024-12-28,SKU003,972296,6723
2024-12-28,SKU004,526956,2804
2024-12-28,SKU005,474672,2273
2024-12-30,SKU001,982987,4176
2024-12-30,SKU002,959627,5650
2024-12-30,SKU003,1071352,5512
2024-12-30,SKU004,503750,2285
2024-12-30,SKU005,473342,3006
2024-12-31,SKU001,909318,4466
2024-12-31,SKU002,939401,3362
2024-12-31,SKU003,962659,6700
2024-12-31,SKU004,457223,1677
2024-12-31,SKU005,520246,2313
2025-01-04,SKU001,901742,5194
2025-01-04,SKU002,974085,4370
2025-01-04,SKU003,1017799,4694
2025-01-04,SKU004,516424,3179
2025-01-04,SKU005,531806,2908
2025-01-06,SKU001,954603,5408
2025-01-06,SKU002,1067259,6651
2025-01-06,SKU003,1074817,3534
2025-01-06,SKU004,486705,2912
2025-01-06,SKU005,533528,1981
2025-01-07,SKU001,926298,4049
2025-01-07,SKU002,1004655,5305
2025-01-07,SKU003,952502,2861
2025-01-07,SKU004,519514,2269
2025-01-07,SKU005,456750,1831
2025-01-08,SKU001,908108,3395
2025-01-08,SKU002,1029308,3991
2025-01-08,SKU003,1061747,4920
2025-01-08,SKU004,450540,2715
2025-01-08,SKU005,468129,1886
2025-01-09,SKU001,1061433,4255
2025-01-09,SKU002,1084440,4785
2025-01-09,SKU003,1064133,7369
2025-01-09,SKU004,493401,2857
2025-01-09,SKU005,548134,1879
2025-01-10,SKU001,902816,4691
2025-01-10,SKU002,912794,3058
2025-01-10,SKU003,1071821,5129
2025-01-10,SKU004,500504,2568
2025-01-10,SKU005,473892,2740
2025-01-11,SKU001,972651,4971
2025-01-11,SKU002,977856,3669
2025-01-11,SKU003,1085623,3946
2025-01-11,SKU004,490110,3054
2025-01-11,SKU005,473867,2111
2025-01-13,SKU001,1093915,4759
2025-01-13,SKU002,1014654,5233
2025-01-13,SKU003,1085174,5904
2025-01-13,SKU004,500366,3455
2025-01-13,SKU005,503304,1845
2025-01-14,SKU001,946526,3272
2025-01-14,SKU002,1012776,3140
2025-01-14,SKU003,1031027,6189
2025-01-14,SKU004,479213,1976
2025-01-14,SKU005,488449,1583
2025-01-15,SKU001,942893,4425
2025-01-15,SKU002,933658,3957
2025-01-15,SKU003,957357,6576
2025-01-15,SKU004,480226,1854
2025-01-15,SKU005,490466,2361
2025-01-16,SKU001,905800,5514
2025-01-16,SKU002,985665,5148
2025-01-16,SKU003,985026,3907
2025-01-16,SKU004,510957,1706
2025-01-16,SKU005,546232,3726
2025-01-17,SKU001,1031270,4893
2025-01-17,SKU002,1049325,3757
2025-01-17,SKU003,1098499,6421
2025-01-17,SKU004,470816,2147
2025-01-17,SKU005,541171,3479
2025-01-18,SKU001,976661,3010
2025-01-18,SKU002,1057534,4744
2025-01-18,SKU003,1030195,5288
2025-01-18,SKU004,529995,2497
2025-01-18,SKU005,516571,3513
2025-01-20,SKU001,1052046,3269
2025-01-20,SKU002,991285,4701
2025-01-20,SKU003,917514,2774
2025-01-20,SKU004,511811,2724
2025-01-20,SKU005,514583,1699
2025-01-21,SKU001,989564,3677
2025-01-21,SKU002,1020514,3162
2025-01-21,SKU003,941618,5255
2025-01-21,SKU004,479634,2649
2025-01-21,SKU005,528137,2307
2025-01-22,SKU001,994485,5742
2025-01-22,SKU002,1068341,5671
2025-01-22,SKU003,1001994,6722
2025-01-22,SKU004,541700,1790
2025-01-22,SKU005,465908,3177
2025-01-23,SKU001,959872,4760
2025-01-23,SKU002,937332,6106
2025-01-23,SKU003,987293,4188
2025-01-23,SKU004,473653,3167
2025-01-23,SKU005,467454,2617
2025-01-24,SKU001,1048958,6248
2025-01-24,SKU002,1061771,6815
2025-01-24,SKU003,921805,2917
2025-01-24,SKU004,511520,3092
2025-01-24,SKU005,541182,2491
2025-01-25,SKU001,907789,3403
2025-01-25,SKU002,1015566,5608
2025-01-25,SKU003,978287,4529
2025-01-25,SKU004,473100,2792
2025-01-25,SKU005,533536,2445
2025-01-27,SKU001,973986,4416
2025-01-27,SKU002,906849,3550
2025-01-27,SKU003,924674,3174
2025-01-27,SKU004,489459,3329
2025-01-27,SKU005,450198,2073
2025-01-28,SKU001,946673,5056
2025-01-28,SKU002,984718,4399
2025-01-28,SKU003,1035338,6785
2025-01-28,SKU004,523805,2327
2025-01-28,SKU005,460857,1645
2025-01-29,SKU001,997667,4640
2025-01-29,SKU002,1007712,4907
2025-01-29,SKU003,1099030,5098
2025-01-29,SKU004,514752,1732
2025-01-29,SKU005,465164,2600
2025-01-30,SKU001,968559,4450
2025-01-30,SKU002,1097026,6509
2025-01-30,SKU003,969956,6723
2025-01-30,SKU004,455642,1633
2025-01-30,SKU005,524074,3190
2025-01-31,SKU001,982807,5652
2025-01-31,SKU002,1098504,3909
2025-01-31,SKU003,1078289,4273
2025-01-31,SKU004,541743,3623
2025-01-31,SKU005,514906,2400
2025-02-01,SKU001,924769,5164
2025-02-01,SKU002,1092736,3924
2025-02-01,SKU003,988725,6506
2025-02-01,SKU004,496323,3465
2025-02-01,SKU005,490889,1867
2025-02-03,SKU001,1098962,5295
2025-02-03,SKU002,1033923,6484
2025-02-03,SKU003,1068303,4176
2025-02-03,SKU004,482830,3194
2025-02-03,SKU005,526596,3437
2025-02-04,SKU001,1038725,4611
2025-02-04,SKU002,921016,4055
2025-02-04,SKU003,993059,4026
2025-02-04,SKU004,534841,1977
2025-02-04,SKU005,458068,1417
2025-02-05,SKU001,906967,4485
2025-02-05,SKU002,920131,5952
2025-02-05,SKU003,1058704,6515
2025-02-05,SKU004,504381,2560
2025-02-05,SKU005,544300,2441
2025-02-06,SKU001,915903,5179
2025-02-06,SKU002,1057322,4333
2025-02-06,SKU003,934694,6168
2025-02-06,SKU004,468840,3121
2025-02-06,SKU005,487233,1781
2025-02-07,SKU001,991770,3655
2025-02-07,SKU002,975588,4611
2025-02-07,SKU003,1043352,3736
2025-02-07,SKU004,516453,3123
2025-02-07,SKU005,502879,2115
2025-02-08,SKU001,994053,3150
2025-02-08,SKU002,1068334,7465
2025-02-08,SKU003,996643,5219
2025-02-08,SKU004,525226,2277
2025-02-08,SKU005,483872,2738
2025-02-10,SKU001,1072608,6058
2025-02-10,SKU002,902469,5218
2025-02-10,SKU003,988694,4486
2025-02-10,SKU004,475952,1657
2025-02-10,SKU005,528665,3456
2025-02-11,SKU001,1087192,5011
2025-02-11,SKU002,909651,5318
2025-02-11,SKU003,949026,5667
2025-02-11,SKU004,486403,2446
2025-02-11,SKU005,525763,2550
2025-02-12,SKU001,1021836,3310
2025-02-12,SKU002,1031252,4060
2025-02-12,SKU003,1096087,4718
2025-02-12,SKU004,539436,2281
2025-02-12,SKU005,457283,1589
2025-02-13,SKU001,985990,4970
2025-02-13,SKU002,976218,4141
2025-02-13,SKU003,978240,4001
2025-02-13,SKU004,492249,2296
2025-02-13,SKU005,527841,2054
2025-02-14,SKU001,1017190,3776
2025-02-14,SKU002,997364,3866
2025-02-14,SKU003,1017227,4688
2025-02-14,SKU004,462618,2559
2025-02-14,SKU005,535323,3611
2025-02-15,SKU001,956568,4597
2025-02-15,SKU002,1073263,7318
2025-02-15,SKU003,1085081,5820
2025-02-15,SKU004,538726,1692
2025-02-15,SKU005,516955,1674
2025-02-17,SKU001,1075091,5925
2025-02-17,SKU002,914923,3360
2025-02-17,SKU003,1018693,7050
2025-02-17,SKU004,523962,1650
2025-02-17,SKU005,538201,1840
2025-02-18,SKU001,1003212,4811
2025-02-18,SKU002,1082348,3313
2025-02-18,SKU003,914478,6024
2025-02-18,SKU004,457608,2401
2025-02-18,SKU005,531792,2655
2025-02-19,SKU001,913616,5883
2025-02-19,SKU002,1035279,3928
2025-02-19,SKU003,1035504,4965
2025-02-19,SKU004,496358,2072
2025-02-19,SKU005,545979,1646
2025-02-20,SKU001,1074628,3969
2025-02-20,SKU002,931972,2819
2025-02-20,SKU003,944501,3066
2025-02-20,SKU004,516532,3499
2025-02-20,SKU005,540296,3096
2025-02-21,SKU001,1050214,6822
2025-02-21,SKU002,930795,5719
2025-02-21,SKU003,1033255,3866
2025-02-21,SKU004,548274,1822
2025-02-21,SKU005,460299,1412
2025-02-22,SKU001,937178,5429
2025-02-22,SKU002,1031964,4691
2025-02-22,SKU003,1001911,3249
2025-02-22,SKU004,450536,2175
2025-02-22,SKU005,474075,2790
2025-02-24,SKU001,1010495,6528
2025-02-24,SKU002,1034319,7146
2025-02-24,SKU003,995570,4845
2025-02-24,SKU004,476456,2617
2025-02-24,SKU005,478568,3259
2025-02-25,SKU001,932409,4161
2025-02-25,SKU002,1001801,5871
2025-02-25,SKU003,1065083,6799
2025-02-25,SKU004,522293,2719
2025-02-25,SKU005,515331,2590
2025-02-26,SKU001,908609,5048
2025-02-26,SKU002,956263,4852
2025-02-26,SKU003,945234,2984
2025-02-26,SKU004,535659,2650
2025-02-26,SKU005,460905,3033
2025-02-27,SKU001,939679,5051
2025-02-27,SKU002,951538,4341
2025-02-27,SKU003,912608,4779
2025-02-27,SKU004,504966,2174
2025-02-27,SKU005,511893,2662
2025-02-28,SKU001,949915,4245
2025-02-28,SKU002,999521,3655
2025-02-28,SKU003,1029300,3281
2025-02-28,SKU004,540663,3198
2025-02-28,SKU005,478089,3195
2025-03-01,SKU001,967611,6674
2025-03-01,SKU002,973183,6213
2025-03-01,SKU003,1093837,5512
2025-03-01,SKU004,533993,2521
2025-03-01,SKU005,542254,3241
2025-03-03,SKU001,902129,4809
2025-03-03,SKU002,1042763,5077
2025-03-03,SKU003,949109,3196
2025-03-03,SKU004,495659,1544
2025-03-03,SKU005,532789,1670
2025-03-04,SKU001,941382,4830
2025-03-04,SKU002,1086811,5133
2025-03-04,SKU003,1057988,7105
2025-03-04,SKU004,521279,1738
2025-03-04,SKU005,470703,1553
2025-03-05,SKU001,1032480,4442
2025-03-05,SKU002,1078585,5104
2025-03-05,SKU003,1054570,4168
2025-03-05,SKU004,519298,1991
2025-03-05,SKU005,538548,2461
2025-03-06,SKU001,1076209,5806
2025-03-06,SKU002,1082451,5785
2025-03-06,SKU003,979367,5328
2025-03-06,SKU004,488997,1695
2025-03-06,SKU005,538608,3209
2025-03-07,SKU001,982746,5418
2025-03-07,SKU002,999007,5527
2025-03-07,SKU003,917792,3666
2025-03-07,SKU004,460967,2694
2025-03-07,SKU005,487923,3072
2025-03-08,SKU001,914698,4625
2025-03-08,SKU002,1005329,5732
2025-03-08,SKU003,912418,5169
2025-03-08,SKU004,519777,3511
2025-03-08,SKU005,463830,2075
2025-03-10,SKU001,1032916,5157
2025-03-10,SKU002,1021308,4493
2025-03-10,SKU003,911089,3169
2025-03-10,SKU004,543078,3031
2025-03-10,SKU005,536307,3188
2025-03-11,SKU001,955840,5723
2025-03-11,SKU002,928872,4460
2025-03-11,SKU003,900619,5154
2025-03-11,SKU004,501406,3050
2025-03-11,SKU005,501890,3510
2025-03-12,SKU001,1049683,6146
2025-03-12,SKU002,962073,4402
2025-03-12,SKU003,997756,4454
2025-03-12,SKU004,535096,2013
2025-03-12,SKU005,506355,3145
2025-03-13,SKU001,961338,6306
2025-03-13,SKU002,943207,2933
2025-03-13,SKU003,934071,4201
2025-03-13,SKU004,525379,3649
2025-03-13,SKU005,520095,2485
2025-03-14,SKU001,943942,3481
2025-03-14,SKU002,960073,6163
2025-03-14,SKU003,968362,4456
2025-03-14,SKU004,474180,3179
2025-03-14,SKU005,486313,2599
2025-03-15,SKU001,1084693,5581
2025-03-15,SKU002,986053,3011
2025-03-15,SKU003,978671,6847
2025-03-15,SKU004,481229,1880
2025-03-15,SKU005,520637,1619
2025-03-17,SKU001,1073102,6590
2025-03-17,SKU002,1044622,7072
2025-03-17,SKU003,938617,5548
2025-03-17,SKU004,527423,3651
2025-03-17,SKU005,456087,2254
2025-03-18,SKU001,1036987,4867
2025-03-18,SKU002,1064092,6509
2025-03-18,SKU003,959786,4206
2025-03-18,SKU004,457918,2989
2025-03-18,SKU005,531854,2339
2025-03-19,SKU001,903508,5691
2025-03-19,SKU002,912223,4065
2025-03-19,SKU003,1058667,6020
2025-03-19,SKU004,459517,3152
2025-03-19,SKU005,468676,1835
2025-03-20,SKU001,962611,4103
2025-03-20,SKU002,1038478,6127
2025-03-20,SKU003,963478,3922
2025-03-20,SKU004,460494,1481
2025-03-20,SKU005,503850,1544
2025-03-21,SKU001,1038650,5063
2025-03-21,SKU002,916423,3321
2025-03-21,SKU003,1022151,4636
2025-03-21,SKU004,547287,1832
2025-03-21,SKU005,477309,1834
2025-03-22,SKU001,989512,3586
2025-03-22,SKU002,963930,3871
2025-03-22,SKU003,1075603,5985
2025-03-22,SKU004,466819,2188
2025-03-22,SKU005,532878,2994
2025-03-24,SKU001,1015694,5574
2025-03-24,SKU002,941291,6320
2025-03-24,SKU003,975570,4577
2025-03-24,SKU004,457361,1510
2025-03-24,SKU005,487843,2430
2025-03-25,SKU001,911542,5217
2025-03-25,SKU002,1076535,4720
2025-03-25,SKU003,1093026,5485
2025-03-25,SKU004,501116,2475
2025-03-25,SKU005,487363,3346
2025-03-26,SKU001,1031905,3705
2025-03-26,SKU002,1069181,6396
2025-03-26,SKU003,1030007,5790
2025-03-26,SKU004,522230,2428
2025-03-26,SKU005,533697,2317
2025-03-27,SKU001,1008292,5277
2025-03-27,SKU002,931927,4776
2025-03-27,SKU003,969382,4574
2025-03-27,SKU004,544915,2350
2025-03-27,SKU005,521436,3449
2025-03-28,SKU001,1025560,3528
2025-03-28,SKU002,924119,5440
2025-03-28,SKU003,901661,6160
2025-03-28,SKU004,466878,3190
2025-03-28,SKU005,549261,2080
2025-03-29,SKU001,951186,4391
2025-03-29,SKU002,938042,5370
2025-03-29,SKU003,911536,3533
2025-03-29,SKU004,538194,1910
2025-03-29,SKU005,541208,2715
2025-03-31,SKU001,1074255,6682
2025-03-31,SKU002,1077735,4517
2025-03-31,SKU003,918217,5937
2025-03-31,SKU004,530144,2724
2025-03-31,SKU005,487241,2653
2025-04-01,SKU001,931067,3013
2025-04-01,SKU002,909951,4697
2025-04-01,SKU003,1084624,4820
2025-04-01,SKU004,527049,1827
2025-04-01,SKU005,487914,1601
2025-04-02,SKU001,1034442,7017
2025-04-02,SKU002,946883,6209
2025-04-02,SKU003,1041643,6733
2025-04-02,SKU004,535325,3092
2025-04-02,SKU005,507563,2878
2025-04-03,SKU001,993980,5397
2025-04-03,SKU002,1014240,6561
2025-04-03,SKU003,1085430,4842
2025-04-03,SKU004,484395,1722
2025-04-03,SKU005,465318,2448
2025-04-04,SKU001,1003760,5636
2025-04-04,SKU002,931704,4546
2025-04-04,SKU003,1012909,5391
2025-04-04,SKU004,519916,2689
2025-04-04,SKU005,496720,1597
2025-04-05,SKU001,1006394,4735
2025-04-05,SKU002,937404,3647
2025-04-05,SKU003,952661,6388
2025-04-05,SKU004,546500,2409
2025-04-05,SKU005,522297,1955
2025-04-07,SKU001,932106,4203
2025-04-07,SKU002,935532,5681
2025-04-07,SKU003,1050273,5096
2025-04-07,SKU004,450035,2383
2025-04-07,SKU005,507927,2117
2025-04-08,SKU001,1017575,6625
2025-04-08,SKU002,1036072,6516
2025-04-08,SKU003,1022865,5154
2025-04-08,SKU004,461652,1543
2025-04-08,SKU005,507912,2312
2025-04-09,SKU001,1068868,6179
2025-04-09,SKU002,903271,5579
2025-04-09,SKU003,1091320,4875
2025-04-09,SKU004,483162,2807
2025-04-09,SKU005,544009,2363
2025-04-10,SKU001,1061554,7409
2025-04-10,SKU002,943894,4314
2025-04-10,SKU003,989526,4278
2025-04-10,SKU004,466456,2081
2025-04-10,SKU005,535338,2300
2025-04-11,SKU001,1003200,5352
2025-04-11,SKU002,1061243,3349
2025-04-11,SKU003,926565,5934
2025-04-11,SKU004,538232,1951
2025-04-11,SKU005,514423,1876
2025-04-12,SKU001,1084278,5318
2025-04-12,SKU002,947443,3615
2025-04-12,SKU003,998749,4672
2025-04-12,SKU004,525593,3054
2025-04-12,SKU005,533712,3388
2025-04-14,SKU001,916372,5093
2025-04-14,SKU002,943883,6400
2025-04-14,SKU003,1044883,4273
2025-04-14,SKU004,527234,2432
2025-04-14,SKU005,509541,2062
2025-04-15,SKU001,900246,5333
2025-04-15,SKU002,1091266,5630
2025-04-15,SKU003,1050070,7158
2025-04-15,SKU004,500927,1626
2025-04-15,SKU005,470251,3152
2025-04-16,SKU001,979416,5654
2025-04-16,SKU002,1083719,5416
2025-04-16,SKU003,1072602,6452
2025-04-16,SKU004,529343,3041
2025-04-16,SKU005,500349,1882
2025-04-17,SKU001,1048700,3395
2025-04-17,SKU002,913732,6237
2025-04-17,SKU003,1047379,7282
2025-04-17,SKU004,510754,2108
2025-04-17,SKU005,464199,2328
2025-04-18,SKU001,992610,4857
2025-04-18,SKU002,1028458,3990
2025-04-18,SKU003,1039058,6694
2025-04-18,SKU004,466604,3026
2025-04-18,SKU005,512979,3234
2025-04-19,SKU001,1093092,6074
2025-04-19,SKU002,1034883,6159
2025-04-19,SKU003,918567,4360
2025-04-19,SKU004,456623,2410
2025-04-19,SKU005,536644,2856
2025-04-21,SKU001,989495,4027
2025-04-21,SKU002,991652,3812
2025-04-21,SKU003,999486,6148
2025-04-21,SKU004,472085,2885
2025-04-21,SKU005,471745,2690
2025-04-22,SKU001,1097502,6247
2025-04-22,SKU002,944034,4507
2025-04-22,SKU003,1024466,6261
2025-04-22,SKU004,509655,3382
2025-04-22,SKU005,489130,2368
2025-04-23,SKU001,919179,4110
2025-04-23,SKU002,1007940,3824
2025-04-23,SKU003,983585,6008
2025-04-23,SKU004,475799,2139
2025-04-23,SKU005,464698,2576
2025-04-24,SKU001,995142,6260
2025-04-24,SKU002,986535,5549
2025-04-24,SKU003,1075721,7243
2025-04-24,SKU004,529831,3132
2025-04-24,SKU005,454879,2038
2025-04-25,SKU001,986402,6038
2025-04-25,SKU002,978000,3728
2025-04-25,SKU003,1077872,3449
2025-04-25,SKU004,518279,3366
2025-04-25,SKU005,467928,2076
2025-04-26,SKU001,1091999,4429
2025-04-26,SKU002,1016344,6965
2025-04-26,SKU003,935858,2920
2025-04-26,SKU004,491747,1755
2025-04-26,SKU005,465096,2864
2025-04-28,SKU001,1064281,5853
2025-04-28,SKU002,925479,6064
2025-04-28,SKU003,964677,3810
2025-04-28,SKU004,541501,3698
2025-04-28,SKU005,477520,1566
2025-04-29,SKU001,1052939,6618
2025-04-29,SKU002,1031212,6798
2025-04-29,SKU003,1026274,5980
2025-04-29,SKU004,474181,3314
2025-04-29,SKU005,457548,2076
2025-04-30,SKU001,1025937,4507
2025-04-30,SKU002,984905,6657
2025-04-30,SKU003,988438,6309
2025-04-30,SKU004,502504,2443
2025-04-30,SKU005,473773,2244
2025-05-01,SKU001,1032834,4022
2025-05-01,SKU002,979008,5316
2025-05-01,SKU003,1085936,5021
2025-05-01,SKU004,537060,3292
2025-05-01,SKU005,462807,1755
2025-05-02,SKU001,914310,3143
2025-05-02,SKU002,1048882,5583
2025-05-02,SKU003,1073993,3679
2025-05-02,SKU004,544415,3340
2025-05-02,SKU005,514901,1734
2025-05-03,SKU001,972225,3531
2025-05-03,SKU002,1064534,4551
2025-05-03,SKU003,976814,6727
2025-05-03,SKU004,517949,2235
2025-05-03,SKU005,515390,3030
2025-05-05,SKU001,1013232,4446
2025-05-05,SKU002,1030328,5637
2025-05-05,SKU003,1061883,7274
2025-05-05,SKU004,547964,2926
2025-05-05,SKU005,519410,3290
2025-05-06,SKU001,1068127,4278
2025-05-06,SKU002,1055072,4566
2025-05-06,SKU003,984095,3855
2025-05-06,SKU004,511342,3155
2025-05-06,SKU005,473474,3211
2025-05-07,SKU001,1071309,5592
2025-05-07,SKU002,951203,5325
2025-05-07,SKU003,926668,3742
2025-05-07,SKU004,521281,2566
2025-05-07,SKU005,461601,2820
2025-05-08,SKU001,1060187,3522
2025-05-08,SKU002,960710,5943
2025-05-08,SKU003,1002621,6530
2025-05-08,SKU004,469451,3066
2025-05-08,SKU005,512065,2650
2025-05-09,SKU001,968055,3032
2025-05-09,SKU002,949231,3839
2025-05-09,SKU003,1016072,4344
2025-05-09,SKU004,549746,3224
2025-05-09,SKU005,482964,3280
2025-05-10,SKU001,992779,3206
2025-05-10,SKU002,986114,5485
2025-05-10,SKU003,1002759,3548
2025-05-10,SKU004,493511,2810
2025-05-10,SKU005,459634,1865
2025-05-12,SKU001,933587,2975
2025-05-12,SKU002,970783,3036
2025-05-12,SKU003,908316,6142
2025-05-12,SKU004,524244,3663
2025-05-12,SKU005,513505,1556
2025-05-13,SKU001,999468,4846
2025-05-13,SKU002,1078854,4186
2025-05-13,SKU003,937300,5470
2025-05-13,SKU004,481198,3010
2025-05-13,SKU005,542324,1864
2025-05-14,SKU001,956037,4157
2025-05-14,SKU002,1036838,5599
2025-05-14,SKU003,1028937,3530
2025-05-14,SKU004,496542,2845
2025-05-14,SKU005,468094,2810
2025-05-15,SKU001,1021493,6580
2025-05-15,SKU002,1072546,7117
2025-05-15,SKU003,1083623,7493
2025-05-15,SKU004,469288,2705
2025-05-15,SKU005,531625,3406
2025-05-16,SKU001,958996,6508
2025-05-16,SKU002,940965,5132
2025-05-16,SKU003,1095758,3292
2025-05-16,SKU004,482643,2163
2025-05-16,SKU005,483351,3300
2025-05-17,SKU001,1009494,5460
2025-05-17,SKU002,943451,2902
2025-05-17,SKU003,925572,4745
2025-05-17,SKU004,467514,1987
2025-05-17,SKU005,450644,2743
2025-05-19,SKU001,1027775,3353
2025-05-19,SKU002,1004153,5629
2025-05-19,SKU003,1063502,4135
2025-05-19,SKU004,541771,2525
2025-05-19,SKU005,455075,2832
2025-05-20,SKU001,901603,5034
2025-05-20,SKU002,1070597,5323
2025-05-20,SKU003,1070298,3427
2025-05-20,SKU004,471767,2917
2025-05-20,SKU005,525238,2101
2025-05-21,SKU001,1031187,5479
2025-05-21,SKU002,1059823,5099
2025-05-21,SKU003,1015342,3851
2025-05-21,SKU004,498454,1631
2025-05-21,SKU005,494409,1876
2025-05-22,SKU001,925247,5360
2025-05-22,SKU002,1010734,3293
2025-05-22,SKU003,953858,5409
2025-05-22,SKU004,510101,3512
2025-05-22,SKU005,543697,1636
2025-05-23,SKU001,965826,3765
2025-05-23,SKU002,947050,4949
2025-05-23,SKU003,1088388,4967
2025-05-23,SKU004,504141,1776
2025-05-23,SKU005,520172,1770
2025-05-24,SKU001,1061395,3871
2025-05-24,SKU002,984083,3132
2025-05-24,SKU003,1067554,6224
2025-05-24,SKU004,525446,3351
2025-05-24,SKU005,503938,2631
2025-05-26,SKU001,1018584,4453
2025-05-26,SKU002,922740,5641
2025-05-26,SKU003,988262,3088
2025-05-26,SKU004,451049,1639
2025-05-26,SKU005,455154,1414
2025-05-27,SKU001,1033735,4397
2025-05-27,SKU002,1099841,7551
2025-05-27,SKU003,1026628,4518
2025-05-27,SKU004,536621,2923
2025-05-27,SKU005,544098,1951
2025-05-28,SKU001,1055277,6202
2025-05-28,SKU002,1091147,5872
2025-05-28,SKU003,1060497,7100
2025-05-28,SKU004,544150,3551
2025-05-28,SKU005,520058,2088
2025-05-29,SKU001,968953,4586
2025-05-29,SKU002,1038100,4440
2025-05-29,SKU003,1080666,5905
2025-05-29,SKU004,547775,3779
2025-05-29,SKU005,532437,1807
2025-05-30,SKU001,914483,4742
2025-05-30,SKU002,974431,3709
2025-05-30,SKU003,953828,6171
2025-05-30,SKU004,477110,2082
2025-05-30,SKU005,517292,3062
2025-05-31,SKU001,979876,5793
2025-05-31,SKU002,1090065,5241
2025-05-31,SKU003,1056691,7330
2025-05-31,SKU004,545079,1734
2025-05-31,SKU005,518945,1987
2025-06-02,SKU001,1067946,4918
2025-06-02,SKU002,1052927,4261
2025-06-02,SKU003,1049109,6344
2025-06-02,SKU004,513253,2408
2025-06-02,SKU005,483489,2621
2025-06-03,SKU001,969453,6126
2025-06-03,SKU002,1092384,5386
2025-06-03,SKU003,1092139,3678
2025-06-03,SKU004,496367,2309
2025-06-03,SKU005,515318,3605
2025-06-04,SKU001,932009,5996
2025-06-04,SKU002,1031253,3626
2025-06-04,SKU003,969843,6162
2025-06-04,SKU004,453849,1667
2025-06-04,SKU005,473510,3161
2025-06-05,SKU001,1006890,3248
2025-06-05,SKU002,930742,5644
2025-06-05,SKU003,975267,4109
2025-06-05,SKU004,521974,1906
2025-06-05,SKU005,462501,3011
2025-06-06,SKU001,1098677,3657
2025-06-06,SKU002,973388,4281
2025-06-06,SKU003,908841,2832
2025-06-06,SKU004,469156,3113
2025-06-06,SKU005,530071,1928
2025-06-07,SKU001,934691,6510
2025-06-07,SKU002,976315,4823
2025-06-07,SKU003,1067270,3811
2025-06-07,SKU004,460400,1689
2025-06-07,SKU005,453364,2567
2025-06-09,SKU001,959735,5721
2025-06-09,SKU002,915993,4256
2025-06-09,SKU003,1028788,3440
2025-06-09,SKU004,460729,2430
2025-06-09,SKU005,510666,3135
2025-06-10,SKU001,1073722,7485
2025-06-10,SKU002,997675,5031
2025-06-10,SKU003,1030205,4570
2025-06-10,SKU004,470187,2678
2025-06-10,SKU005,492918,2195
2025-06-11,SKU001,986760,6726
2025-06-11,SKU002,947253,5098
2025-06-11,SKU003,1040866,3843
2025-06-11,SKU004,454635,2494
2025-06-11,SKU005,549374,2574
2025-06-12,SKU001,1093995,5826
2025-06-12,SKU002,935544,5158
2025-06-12,SKU003,946455,6034
2025-06-12,SKU004,462813,1989
2025-06-12,SKU005,489481,1834
2025-06-13,SKU001,956074,6649
2025-06-13,SKU002,1048446,5317
2025-06-13,SKU003,947661,3443
2025-06-13,SKU004,491401,1668
2025-06-13,SKU005,507310,2598
2025-06-14,SKU001,900597,5598
2025-06-14,SKU002,1007581,3687
2025-06-14,SKU003,1098162,5255
2025-06-14,SKU004,505914,2102
2025-06-14,SKU005,532061,2202
2025-06-16,SKU001,964132,2993
2025-06-16,SKU002,1088123,6827
2025-06-16,SKU003,1024074,5041
2025-06-16,SKU004,480433,2679
2025-06-16,SKU005,489696,1765
2025-06-17,SKU001,966488,4688
2025-06-17,SKU002,1082582,5437
2025-06-17,SKU003,1098959,6344
2025-06-17,SKU004,496482,2559
2025-06-17,SKU005,494969,2637
2025-06-18,SKU001,983503,2952
2025-06-18,SKU002,960574,5991
2025-06-18,SKU003,998749,4461
2025-06-18,SKU004,481362,2965
2025-06-18,SKU005,462802,2552
2025-06-19,SKU001,1003192,3746
2025-06-19,SKU002,957319,3132
2025-06-19,SKU003,908273,5236
2025-06-19,SKU004,514637,3450
2025-06-19,SKU005,540756,2091
2025-06-20,SKU001,947425,3139
2025-06-20,SKU002,1030736,3882
2025-06-20,SKU003,1077583,4687
2025-06-20,SKU004,468826,2694
2025-06-20,SKU005,518975,1723
2025-06-21,SKU001,945918,3887
2025-06-21,SKU002,966194,4510
2025-06-21,SKU003,1016127,3713
2025-06-21,SKU004,462586,3097
2025-06-21,SKU005,536720,2871
2025-06-23,SKU001,920915,5484
2025-06-23,SKU002,1088045,6026
2025-06-23,SKU003,1075137,3449
2025-06-23,SKU004,510839,2834
2025-06-23,SKU005,503069,2754
2025-06-24,SKU001,1083319,3645
2025-06-24,SKU002,978613,3638
2025-06-24,SKU003,932066,5229
2025-06-24,SKU004,513176,1629
2025-06-24,SKU005,545689,3234
2025-06-25,SKU001,1095141,4854
2025-06-25,SKU002,930474,3644
2025-06-25,SKU003,978025,5756
2025-06-25,SKU004,533075,1618
2025-06-25,SKU005,542197,2700
2025-06-26,SKU001,954655,5316
2025-06-26,SKU002,1025901,4665
2025-06-26,SKU003,936782,5082
2025-06-26,SKU004,511393,3159
2025-06-26,SKU005,453000,1911
2025-06-27,SKU001,900255,3327
2025-06-27,SKU002,947862,4243
2025-06-27,SKU003,951797,5544
2025-06-27,SKU004,483858,3046
2025-06-27,SKU005,531439,2178
2025-06-28,SKU001,1082077,7552
2025-06-28,SKU002,944370,4375
2025-06-28,SKU003,1033227,5090
2025-06-28,SKU004,503557,2261
2025-06-28,SKU005,458033,1541
2025-06-30,SKU001,996842,6003
2025-06-30,SKU002,982202,5768
2025-06-30,SKU003,934121,3165
2025-06-30,SKU004,483356,2447
2025-06-30,SKU005,500271,3263
